<root>
<taintlog type="RETURNING" executionTime="137"><location srcClass="edu.rice.rubis.servlets.RegisterItem" srcMethod="doGet HttpServletRequest HttpServletResponse" destClass="java.sql.PreparedStatement" destMethod="executeQuery" adviceType="JAVACALLSTRINGRETURN" requestCounter="1" requestURI="random URI" requestRemoteAddr="random remoteaddress" callerContextCounter="74" calledContextCounter="54847"></location><taintedObject taintID="783971551:0 [1671536637]" type="com.mysql.jdbc.ResultSet" objectID="1671536637" value="com.mysql.jdbc.ResultSet@63a19ffd" taintRecord="CATALOG: rubis TABLE: items COLUMN: id "></taintedObject><callingObject taintID="" type="edu.rice.rubis.servlets.RegisterItem" objectID="1693481398"></callingObject><calledObject taintID="" type="com.mysql.jdbc.PreparedStatement" objectID="1376745925"></calledObject></taintlog>
<taintlog type="FIELDGET"><location srcClass="com.mysql.jdbc.PreparedStatement" srcMethod="close" destClass="com.mysql.jdbc.Statement" destMethod="close" adviceType="NORMAL" requestCounter="1" requestURI="random URI" requestRemoteAddr="random remoteaddress" callerContextCounter="55645" calledContextCounter="55646"></location><taintedObject taintID="783971551:0 [1671536637]" type="com.mysql.jdbc.ResultSet" objectID="1671536637" value="com.mysql.jdbc.ResultSet@63a19ffd" taintRecord="CATALOG: rubis TABLE: items COLUMN: id "></taintedObject><field targetClass="com.mysql.jdbc.Statement" targetField="results"></field><callingObject taintID="" type="com.mysql.jdbc.PreparedStatement" objectID="1376745925"></callingObject><calledObject taintID="" type="com.mysql.jdbc.PreparedStatement" objectID="1376745925"></calledObject></taintlog>
<taintlog type="FIELDGET"><location srcClass="com.mysql.jdbc.PreparedStatement" srcMethod="close" destClass="com.mysql.jdbc.Statement" destMethod="close" adviceType="NORMAL" requestCounter="1" requestURI="random URI" requestRemoteAddr="random remoteaddress" callerContextCounter="55645" calledContextCounter="55646"></location><taintedObject taintID="783971551:0 [1671536637]" type="com.mysql.jdbc.ResultSet" objectID="1671536637" value="com.mysql.jdbc.ResultSet@63a19ffd" taintRecord="CATALOG: rubis TABLE: items COLUMN: id "></taintedObject><field targetClass="com.mysql.jdbc.Statement" targetField="results"></field><callingObject taintID="" type="com.mysql.jdbc.PreparedStatement" objectID="1376745925"></callingObject><calledObject taintID="" type="com.mysql.jdbc.PreparedStatement" objectID="1376745925"></calledObject></taintlog>
</root>
