<root>
<taintlog type="RETURNING" executionTime="94"><location srcClass="edu.rice.rubis.servlets.StoreBid" srcMethod="doPost HttpServletRequest HttpServletResponse" destClass="java.sql.PreparedStatement" destMethod="executeQuery" adviceType="JAVACALLSTRINGRETURN" requestCounter="1" requestURI="random URI" requestRemoteAddr="random remoteaddress" callerContextCounter="27" calledContextCounter="54663"></location><taintedObject taintID="458726753:0 [898768306]" type="com.mysql.jdbc.ResultSet" objectID="898768306" value="com.mysql.jdbc.ResultSet@35921db2" taintRecord="CATALOG: rubis TABLE: items COLUMN: nb_of_bids CATALOG: rubis TABLE: items COLUMN: max_bid "></taintedObject><callingObject taintID="" type="edu.rice.rubis.servlets.StoreBid" objectID="1910334018"></callingObject><calledObject taintID="" type="com.mysql.jdbc.PreparedStatement" objectID="1067717368"></calledObject></taintlog>
<taintlog type="RETURNINGINPUT"><location srcClass="com.mysql.jdbc.ResultSet" srcMethod="getFloat int" destClass="com.mysql.jdbc.ResultSet" destMethod="getString int" adviceType="DBCP" requestCounter="1" requestURI="random URI" requestRemoteAddr="random remoteaddress" callerContextCounter="55156" calledContextCounter="55165"></location><taintedObject taintID="458726753:max_bid:1 [1633789280]" type="java.lang.String" objectID="1633789280" value="0" taintRecord="TARGETCOLUMN: max_bid CATALOG: rubis TABLE: items COLUMN: nb_of_bids CATALOG: rubis TABLE: items COLUMN: max_bid "></taintedObject><callingObject taintID="458726753:0 [898768306]" type="com.mysql.jdbc.ResultSet" objectID="898768306" taintRecord="CATALOG: rubis TABLE: items COLUMN: nb_of_bids CATALOG: rubis TABLE: items COLUMN: max_bid "></callingObject><calledObject taintID="458726753:0 [898768306]" type="com.mysql.jdbc.ResultSet" objectID="898768306" taintRecord="CATALOG: rubis TABLE: items COLUMN: nb_of_bids CATALOG: rubis TABLE: items COLUMN: max_bid "></calledObject></taintlog>
<taintlog type="RETURNING" executionTime="37"><location srcClass="com.mysql.jdbc.ResultSet" srcMethod="getFloat int" destClass="com.mysql.jdbc.ResultSet" destMethod="getString int" adviceType="JAVACALLSTRINGRETURN" requestCounter="1" requestURI="random URI" requestRemoteAddr="random remoteaddress" callerContextCounter="55156" calledContextCounter="55165"></location><taintedObject taintID="458726753:max_bid:1 [1633789280]" type="java.lang.String" objectID="1633789280" value="0" taintRecord="TARGETCOLUMN: max_bid CATALOG: rubis TABLE: items COLUMN: nb_of_bids CATALOG: rubis TABLE: items COLUMN: max_bid "></taintedObject><callingObject taintID="458726753:0 [898768306]" type="com.mysql.jdbc.ResultSet" objectID="898768306" taintRecord="CATALOG: rubis TABLE: items COLUMN: nb_of_bids CATALOG: rubis TABLE: items COLUMN: max_bid "></callingObject><calledObject taintID="458726753:0 [898768306]" type="com.mysql.jdbc.ResultSet" objectID="898768306" taintRecord="CATALOG: rubis TABLE: items COLUMN: nb_of_bids CATALOG: rubis TABLE: items COLUMN: max_bid "></calledObject></taintlog>
<taintlog type="CALLING"><location srcClass="com.mysql.jdbc.ResultSet" srcMethod="getFloat int" destClass="java.lang.Float" destMethod="parseFloat String" adviceType="JAVACALL" requestCounter="1" requestURI="random URI" requestRemoteAddr="random remoteaddress" callerContextCounter="55156" calledContextCounter="55224"></location><taintedObject taintID="458726753:max_bid:1 [1633789280]" type="java.lang.String" objectID="1633789280" value="0" taintRecord="TARGETCOLUMN: max_bid CATALOG: rubis TABLE: items COLUMN: nb_of_bids CATALOG: rubis TABLE: items COLUMN: max_bid "></taintedObject><callingObject taintID="458726753:0 [898768306]" type="com.mysql.jdbc.ResultSet" objectID="898768306" taintRecord="CATALOG: rubis TABLE: items COLUMN: nb_of_bids CATALOG: rubis TABLE: items COLUMN: max_bid "></callingObject></taintlog>
<taintlog type="FUZZYPROPAGATION"><location srcClass="com.mysql.jdbc.ResultSet" srcMethod="getFloat int" destClass="java.lang.Float" destMethod="parseFloat String" adviceType="FUZZYPROP" requestCounter="1" requestURI="random URI" requestRemoteAddr="random remoteaddress" callerContextCounter="55156" calledContextCounter="55224"></location><taintedObject taintID="458726753:max_bid:1 [1633789280]" type="java.lang.String" objectID="1633789280" value="0" taintRecord="TARGETCOLUMN: max_bid CATALOG: rubis TABLE: items COLUMN: nb_of_bids CATALOG: rubis TABLE: items COLUMN: max_bid "></taintedObject><destObject taintID="" type="java.lang.Float" objectID="1451661349" value="0.0"></destObject></taintlog>
<taintlog type="PROPAGATION"><location srcClass="com.mysql.jdbc.ResultSet" srcMethod="getFloat int" destClass="java.lang.Float" destMethod="parseFloat String" adviceType="FUZZY" requestCounter="1" requestURI="random URI" requestRemoteAddr="random remoteaddress" callerContextCounter="55156" calledContextCounter="55224"></location><sourceObject taintID="458726753:max_bid:1 [1633789280]" type="java.lang.String" objectID="1633789280" value="0" taintRecord="TARGETCOLUMN: max_bid CATALOG: rubis TABLE: items COLUMN: nb_of_bids CATALOG: rubis TABLE: items COLUMN: max_bid "></sourceObject><destObject taintID="" type="java.lang.Float" objectID="1451661349" value="0.0"></destObject><taintedObject taintID="" type="java.lang.Float" objectID="1451661349" value="0.0"></taintedObject></taintlog>
<taintlog type="FIELDGET"><location srcClass="com.mysql.jdbc.PreparedStatement" srcMethod="close" destClass="com.mysql.jdbc.Statement" destMethod="close" adviceType="NORMAL" requestCounter="1" requestURI="random URI" requestRemoteAddr="random remoteaddress" callerContextCounter="55663" calledContextCounter="55664"></location><taintedObject taintID="458726753:0 [898768306]" type="com.mysql.jdbc.ResultSet" objectID="898768306" value="com.mysql.jdbc.ResultSet@35921db2" taintRecord="CATALOG: rubis TABLE: items COLUMN: nb_of_bids CATALOG: rubis TABLE: items COLUMN: max_bid "></taintedObject><field targetClass="com.mysql.jdbc.Statement" targetField="results"></field><callingObject taintID="" type="com.mysql.jdbc.PreparedStatement" objectID="1067717368"></callingObject><calledObject taintID="" type="com.mysql.jdbc.PreparedStatement" objectID="1067717368"></calledObject></taintlog>
<taintlog type="FIELDGET"><location srcClass="com.mysql.jdbc.PreparedStatement" srcMethod="close" destClass="com.mysql.jdbc.Statement" destMethod="close" adviceType="NORMAL" requestCounter="1" requestURI="random URI" requestRemoteAddr="random remoteaddress" callerContextCounter="55663" calledContextCounter="55664"></location><taintedObject taintID="458726753:0 [898768306]" type="com.mysql.jdbc.ResultSet" objectID="898768306" value="com.mysql.jdbc.ResultSet@35921db2" taintRecord="CATALOG: rubis TABLE: items COLUMN: nb_of_bids CATALOG: rubis TABLE: items COLUMN: max_bid "></taintedObject><field targetClass="com.mysql.jdbc.Statement" targetField="results"></field><callingObject taintID="" type="com.mysql.jdbc.PreparedStatement" objectID="1067717368"></callingObject><calledObject taintID="" type="com.mysql.jdbc.PreparedStatement" objectID="1067717368"></calledObject></taintlog>
</root>
