<root>
<taintlog type="RETURNING" executionTime="96"><location srcClass="edu.rice.rubis.servlets.StoreBuyNow" srcMethod="doPost HttpServletRequest HttpServletResponse" destClass="java.sql.PreparedStatement" destMethod="executeQuery" adviceType="JAVACALLSTRINGRETURN" requestCounter="1" requestURI="random URI" requestRemoteAddr="random remoteaddress" callerContextCounter="27" calledContextCounter="54211"></location><taintedObject taintID="550549625:0 [1286299638]" type="com.mysql.jdbc.ResultSet" objectID="1286299638" value="com.mysql.jdbc.ResultSet@4cab5ff6" taintRecord="CATALOG: rubis TABLE: items COLUMN: quantity CATALOG: rubis TABLE: items COLUMN: end_date "></taintedObject><callingObject taintID="" type="edu.rice.rubis.servlets.StoreBuyNow" objectID="1775621922"></callingObject><calledObject taintID="" type="com.mysql.jdbc.PreparedStatement" objectID="1871095626"></calledObject></taintlog>
<taintlog type="FIELDGET"><location srcClass="com.mysql.jdbc.PreparedStatement" srcMethod="close" destClass="com.mysql.jdbc.Statement" destMethod="close" adviceType="NORMAL" requestCounter="1" requestURI="random URI" requestRemoteAddr="random remoteaddress" callerContextCounter="54701" calledContextCounter="54702"></location><taintedObject taintID="550549625:0 [1286299638]" type="com.mysql.jdbc.ResultSet" objectID="1286299638" value="com.mysql.jdbc.ResultSet@4cab5ff6" taintRecord="CATALOG: rubis TABLE: items COLUMN: quantity CATALOG: rubis TABLE: items COLUMN: end_date "></taintedObject><field targetClass="com.mysql.jdbc.Statement" targetField="results"></field><callingObject taintID="" type="com.mysql.jdbc.PreparedStatement" objectID="1871095626"></callingObject><calledObject taintID="" type="com.mysql.jdbc.PreparedStatement" objectID="1871095626"></calledObject></taintlog>
<taintlog type="FIELDGET"><location srcClass="com.mysql.jdbc.PreparedStatement" srcMethod="close" destClass="com.mysql.jdbc.Statement" destMethod="close" adviceType="NORMAL" requestCounter="1" requestURI="random URI" requestRemoteAddr="random remoteaddress" callerContextCounter="54701" calledContextCounter="54702"></location><taintedObject taintID="550549625:0 [1286299638]" type="com.mysql.jdbc.ResultSet" objectID="1286299638" value="com.mysql.jdbc.ResultSet@4cab5ff6" taintRecord="CATALOG: rubis TABLE: items COLUMN: quantity CATALOG: rubis TABLE: items COLUMN: end_date "></taintedObject><field targetClass="com.mysql.jdbc.Statement" targetField="results"></field><callingObject taintID="" type="com.mysql.jdbc.PreparedStatement" objectID="1871095626"></callingObject><calledObject taintID="" type="com.mysql.jdbc.PreparedStatement" objectID="1871095626"></calledObject></taintlog>
</root>
