<root>
<taintlog type="RETURNING" executionTime="49"><location srcClass="edu.rice.rubis.servlets.StoreComment" srcMethod="doPost HttpServletRequest HttpServletResponse" destClass="java.sql.PreparedStatement" destMethod="executeQuery" adviceType="JAVACALLSTRINGRETURN" requestCounter="1" requestURI="random URI" requestRemoteAddr="random remoteaddress" callerContextCounter="27" calledContextCounter="54632"></location><taintedObject taintID="1506824012:0 [416827393]" type="com.mysql.jdbc.ResultSet" objectID="416827393" value="com.mysql.jdbc.ResultSet@18d84801" taintRecord="CATALOG: rubis TABLE: users COLUMN: rating "></taintedObject><callingObject taintID="" type="edu.rice.rubis.servlets.StoreComment" objectID="390324070"></callingObject><calledObject taintID="" type="com.mysql.jdbc.PreparedStatement" objectID="1936545445"></calledObject></taintlog>
</root>
