<root>
<taintlog type="RETURNING" executionTime="77"><location srcClass="edu.rice.rubis.servlets.RegisterUser" srcMethod="doGet HttpServletRequest HttpServletResponse" destClass="java.sql.PreparedStatement" destMethod="executeQuery" adviceType="JAVACALLSTRINGRETURN" requestCounter="1" requestURI="random URI" requestRemoteAddr="random remoteaddress" callerContextCounter="28" calledContextCounter="54113"></location><taintedObject taintID="233105336:0 [960050966]" type="com.mysql.jdbc.ResultSet" objectID="960050966" value="com.mysql.jdbc.ResultSet@39393716" taintRecord="CATALOG: rubis TABLE: regions COLUMN: id "></taintedObject><callingObject taintID="" type="edu.rice.rubis.servlets.RegisterUser" objectID="748968642"></callingObject><calledObject taintID="" type="com.mysql.jdbc.PreparedStatement" objectID="791016657"></calledObject></taintlog>
<taintlog type="RETURNINGINPUT"><location srcClass="com.mysql.jdbc.ResultSet" srcMethod="getInt String" destClass="com.mysql.jdbc.ResultSet" destMethod="getInt int" adviceType="DBCPINT" requestCounter="1" requestURI="random URI" requestRemoteAddr="random remoteaddress" callerContextCounter="54356" calledContextCounter="54386"></location><taintedObject taintID="233105336:id:1 [640570506]" type="java.lang.Integer" objectID="948424869" value="640570506" taintRecord="TARGETCOLUMN: id CATALOG: rubis TABLE: regions COLUMN: id "></taintedObject><callingObject taintID="233105336:0 [960050966]" type="com.mysql.jdbc.ResultSet" objectID="960050966" taintRecord="CATALOG: rubis TABLE: regions COLUMN: id "></callingObject><calledObject taintID="233105336:0 [960050966]" type="com.mysql.jdbc.ResultSet" objectID="960050966" taintRecord="CATALOG: rubis TABLE: regions COLUMN: id "></calledObject></taintlog>
<taintlog type="RETURNING" executionTime="45"><location srcClass="com.mysql.jdbc.ResultSet" srcMethod="getInt String" destClass="com.mysql.jdbc.ResultSet" destMethod="getInt int" adviceType="JAVACALLSTRINGRETURN" requestCounter="1" requestURI="random URI" requestRemoteAddr="random remoteaddress" callerContextCounter="54356" calledContextCounter="54386"></location><taintedObject taintID="233105336:id:1 [640570506]" type="java.lang.Integer" objectID="1553145249" value="640570506" taintRecord="TARGETCOLUMN: id CATALOG: rubis TABLE: regions COLUMN: id "></taintedObject><callingObject taintID="233105336:0 [960050966]" type="com.mysql.jdbc.ResultSet" objectID="960050966" taintRecord="CATALOG: rubis TABLE: regions COLUMN: id "></callingObject><calledObject taintID="233105336:0 [960050966]" type="com.mysql.jdbc.ResultSet" objectID="960050966" taintRecord="CATALOG: rubis TABLE: regions COLUMN: id "></calledObject></taintlog>
<taintlog type="RETURNING" executionTime="49"><location srcClass="java.sql.ResultSet" srcMethod="getInt String" destClass="com.mysql.jdbc.ResultSet" destMethod="getInt String" adviceType="EXECUTESTRINGRETURN" requestCounter="1" requestURI="random URI" requestRemoteAddr="random remoteaddress" callerContextCounter="54355" calledContextCounter="54356"></location><taintedObject taintID="233105336:id:1 [640570506]" type="java.lang.Integer" objectID="1048470658" value="640570506" taintRecord="TARGETCOLUMN: id CATALOG: rubis TABLE: regions COLUMN: id "></taintedObject><callingObject taintID="233105336:0 [960050966]" type="com.mysql.jdbc.ResultSet" objectID="960050966" taintRecord="CATALOG: rubis TABLE: regions COLUMN: id "></callingObject><calledObject taintID="233105336:0 [960050966]" type="com.mysql.jdbc.ResultSet" objectID="960050966" taintRecord="CATALOG: rubis TABLE: regions COLUMN: id "></calledObject></taintlog>
<taintlog type="RETURNINGINPUT"><location srcClass="edu.rice.rubis.servlets.RegisterUser" srcMethod="doGet HttpServletRequest HttpServletResponse" destClass="java.sql.ResultSet" destMethod="getInt String" adviceType="DBCPINT" requestCounter="1" requestURI="random URI" requestRemoteAddr="random remoteaddress" callerContextCounter="28" calledContextCounter="54355"></location><taintedObject taintID="233105336:id:1 [640570506]" type="java.lang.Integer" objectID="742058656" value="640570506" taintRecord="TARGETCOLUMN: id CATALOG: rubis TABLE: regions COLUMN: id "></taintedObject><callingObject taintID="" type="edu.rice.rubis.servlets.RegisterUser" objectID="748968642"></callingObject><calledObject taintID="233105336:0 [960050966]" type="com.mysql.jdbc.ResultSet" objectID="960050966" taintRecord="CATALOG: rubis TABLE: regions COLUMN: id "></calledObject></taintlog>
<taintlog type="RETURNING" executionTime="93"><location srcClass="edu.rice.rubis.servlets.RegisterUser" srcMethod="doGet HttpServletRequest HttpServletResponse" destClass="java.sql.ResultSet" destMethod="getInt String" adviceType="JAVACALLSTRINGRETURN" requestCounter="1" requestURI="random URI" requestRemoteAddr="random remoteaddress" callerContextCounter="28" calledContextCounter="54355"></location><taintedObject taintID="233105336:id:1 [640570506]" type="java.lang.Integer" objectID="1342293263" value="640570506" taintRecord="TARGETCOLUMN: id CATALOG: rubis TABLE: regions COLUMN: id "></taintedObject><callingObject taintID="" type="edu.rice.rubis.servlets.RegisterUser" objectID="748968642"></callingObject><calledObject taintID="233105336:0 [960050966]" type="com.mysql.jdbc.ResultSet" objectID="960050966" taintRecord="CATALOG: rubis TABLE: regions COLUMN: id "></calledObject></taintlog>
<taintlog type="FIELDGET"><location srcClass="com.mysql.jdbc.PreparedStatement" srcMethod="close" destClass="com.mysql.jdbc.Statement" destMethod="close" adviceType="NORMAL" requestCounter="1" requestURI="random URI" requestRemoteAddr="random remoteaddress" callerContextCounter="54486" calledContextCounter="54487"></location><taintedObject taintID="233105336:0 [960050966]" type="com.mysql.jdbc.ResultSet" objectID="960050966" value="com.mysql.jdbc.ResultSet@39393716" taintRecord="CATALOG: rubis TABLE: regions COLUMN: id "></taintedObject><field targetClass="com.mysql.jdbc.Statement" targetField="results"></field><callingObject taintID="" type="com.mysql.jdbc.PreparedStatement" objectID="791016657"></callingObject><calledObject taintID="" type="com.mysql.jdbc.PreparedStatement" objectID="791016657"></calledObject></taintlog>
<taintlog type="FIELDGET"><location srcClass="com.mysql.jdbc.PreparedStatement" srcMethod="close" destClass="com.mysql.jdbc.Statement" destMethod="close" adviceType="NORMAL" requestCounter="1" requestURI="random URI" requestRemoteAddr="random remoteaddress" callerContextCounter="54486" calledContextCounter="54487"></location><taintedObject taintID="233105336:0 [960050966]" type="com.mysql.jdbc.ResultSet" objectID="960050966" value="com.mysql.jdbc.ResultSet@39393716" taintRecord="CATALOG: rubis TABLE: regions COLUMN: id "></taintedObject><field targetClass="com.mysql.jdbc.Statement" targetField="results"></field><callingObject taintID="" type="com.mysql.jdbc.PreparedStatement" objectID="791016657"></callingObject><calledObject taintID="" type="com.mysql.jdbc.PreparedStatement" objectID="791016657"></calledObject></taintlog>
<taintlog type="RETURNING" executionTime="57"><location srcClass="edu.rice.rubis.servlets.RegisterUser" srcMethod="doGet HttpServletRequest HttpServletResponse" destClass="java.sql.PreparedStatement" destMethod="executeQuery" adviceType="JAVACALLSTRINGRETURN" requestCounter="1" requestURI="random URI" requestRemoteAddr="random remoteaddress" callerContextCounter="28" calledContextCounter="54711"></location><taintedObject taintID="2133882546:2 [350329176]" type="com.mysql.jdbc.ResultSet" objectID="350329176" value="com.mysql.jdbc.ResultSet@14e19958" taintRecord="CATALOG: rubis TABLE: users COLUMN: nickname "></taintedObject><callingObject taintID="" type="edu.rice.rubis.servlets.RegisterUser" objectID="748968642"></callingObject><calledObject taintID="" type="com.mysql.jdbc.PreparedStatement" objectID="1179464357"></calledObject></taintlog>
<taintlog type="FIELDGET"><location srcClass="com.mysql.jdbc.PreparedStatement" srcMethod="close" destClass="com.mysql.jdbc.Statement" destMethod="close" adviceType="NORMAL" requestCounter="1" requestURI="random URI" requestRemoteAddr="random remoteaddress" callerContextCounter="54921" calledContextCounter="54922"></location><taintedObject taintID="2133882546:2 [350329176]" type="com.mysql.jdbc.ResultSet" objectID="350329176" value="com.mysql.jdbc.ResultSet@14e19958" taintRecord="CATALOG: rubis TABLE: users COLUMN: nickname "></taintedObject><field targetClass="com.mysql.jdbc.Statement" targetField="results"></field><callingObject taintID="" type="com.mysql.jdbc.PreparedStatement" objectID="1179464357"></callingObject><calledObject taintID="" type="com.mysql.jdbc.PreparedStatement" objectID="1179464357"></calledObject></taintlog>
<taintlog type="FIELDGET"><location srcClass="com.mysql.jdbc.PreparedStatement" srcMethod="close" destClass="com.mysql.jdbc.Statement" destMethod="close" adviceType="NORMAL" requestCounter="1" requestURI="random URI" requestRemoteAddr="random remoteaddress" callerContextCounter="54921" calledContextCounter="54922"></location><taintedObject taintID="2133882546:2 [350329176]" type="com.mysql.jdbc.ResultSet" objectID="350329176" value="com.mysql.jdbc.ResultSet@14e19958" taintRecord="CATALOG: rubis TABLE: users COLUMN: nickname "></taintedObject><field targetClass="com.mysql.jdbc.Statement" targetField="results"></field><callingObject taintID="" type="com.mysql.jdbc.PreparedStatement" objectID="1179464357"></callingObject><calledObject taintID="" type="com.mysql.jdbc.PreparedStatement" objectID="1179464357"></calledObject></taintlog>
<taintlog type="CALLING"><location srcClass="edu.rice.rubis.servlets.RegisterUser" srcMethod="doGet HttpServletRequest HttpServletResponse" destClass="java.lang.StringBuilder" destMethod="append int" adviceType="JAVACALL" requestCounter="1" requestURI="random URI" requestRemoteAddr="random remoteaddress" callerContextCounter="28" calledContextCounter="54970"></location><taintedObject taintID="233105336:id:1 [640570506]" type="java.lang.Integer" objectID="1961123114" value="640570506" taintRecord="TARGETCOLUMN: id CATALOG: rubis TABLE: regions COLUMN: id "></taintedObject><callingObject taintID="" type="edu.rice.rubis.servlets.RegisterUser" objectID="748968642"></callingObject><calledObject taintID="" type="java.lang.StringBuilder" objectID="1035582907"></calledObject></taintlog>
<taintlog type="MODIFICATION"><location srcClass="edu.rice.rubis.servlets.RegisterUser" srcMethod="doGet HttpServletRequest HttpServletResponse" destClass="java.lang.StringBuilder" destMethod="append int" adviceType="STRINGMODARGS" requestCounter="1" requestURI="random URI" requestRemoteAddr="random remoteaddress" callerContextCounter="28" calledContextCounter="54970"></location><targetObject taintID="233105336:id:1 [640570506]" type="java.lang.Integer" objectID="1961123114" value="640570506" taintRecord="TARGETCOLUMN: id CATALOG: rubis TABLE: regions COLUMN: id "></targetObject></taintlog>
<taintlog type="PROPAGATION"><location srcClass="edu.rice.rubis.servlets.RegisterUser" srcMethod="doGet HttpServletRequest HttpServletResponse" destClass="java.lang.StringBuilder" destMethod="append int" adviceType="STRINGPROPTHISA" requestCounter="1" requestURI="random URI" requestRemoteAddr="random remoteaddress" callerContextCounter="28" calledContextCounter="54970"></location><sourceObject taintID="233105336:id:1 [640570506]" type="java.lang.Integer" objectID="1961123114" value="640570506" taintRecord="TARGETCOLUMN: id CATALOG: rubis TABLE: regions COLUMN: id "></sourceObject><destObject taintID="233105336:id:1 [1035582907]" type="java.lang.StringBuilder" objectID="1035582907" value="INSERT INTO users VALUES (NULL, &quot;test7&quot;, &quot;test7&quot;, &quot;test7&quot;, &quot;test7&quot;, &quot;test7@sadmsaiofndgh.com&quot;, 0, 0,&quot;2013-2-20 18:0:12&quot;, 1" taintRecord="TARGETCOLUMN: id CATALOG: rubis TABLE: regions COLUMN: id "></destObject><taintedObject taintID="233105336:id:1 [1035582907]" type="java.lang.StringBuilder" objectID="1035582907" value="INSERT INTO users VALUES (NULL, &quot;test7&quot;, &quot;test7&quot;, &quot;test7&quot;, &quot;test7&quot;, &quot;test7@sadmsaiofndgh.com&quot;, 0, 0,&quot;2013-2-20 18:0:12&quot;, 1" taintRecord="TARGETCOLUMN: id CATALOG: rubis TABLE: regions COLUMN: id "></taintedObject></taintlog>
<taintlog type="MODIFICATION"><location srcClass="edu.rice.rubis.servlets.RegisterUser" srcMethod="doGet HttpServletRequest HttpServletResponse" destClass="java.lang.StringBuilder" destMethod="append int" adviceType="STRINGMODTHIS" requestCounter="1" requestURI="random URI" requestRemoteAddr="random remoteaddress" callerContextCounter="28" calledContextCounter="54970"></location><targetObject taintID="233105336:id:1 [1035582907]" type="java.lang.StringBuilder" objectID="1035582907" value="INSERT INTO users VALUES (NULL, &quot;test7&quot;, &quot;test7&quot;, &quot;test7&quot;, &quot;test7&quot;, &quot;test7@sadmsaiofndgh.com&quot;, 0, 0,&quot;2013-2-20 18:0:12&quot;, 1" taintRecord="TARGETCOLUMN: id CATALOG: rubis TABLE: regions COLUMN: id "></targetObject></taintlog>
<taintlog type="RETURNING" executionTime="1"><location srcClass="edu.rice.rubis.servlets.RegisterUser" srcMethod="doGet HttpServletRequest HttpServletResponse" destClass="java.lang.StringBuilder" destMethod="append int" adviceType="JAVACALLSTRINGRETURN" requestCounter="1" requestURI="random URI" requestRemoteAddr="random remoteaddress" callerContextCounter="28" calledContextCounter="54970"></location><taintedObject taintID="233105336:id:1 [1035582907]" type="java.lang.StringBuilder" objectID="1035582907" value="INSERT INTO users VALUES (NULL, &quot;test7&quot;, &quot;test7&quot;, &quot;test7&quot;, &quot;test7&quot;, &quot;test7@sadmsaiofndgh.com&quot;, 0, 0,&quot;2013-2-20 18:0:12&quot;, 1" taintRecord="TARGETCOLUMN: id CATALOG: rubis TABLE: regions COLUMN: id "></taintedObject><callingObject taintID="" type="edu.rice.rubis.servlets.RegisterUser" objectID="748968642"></callingObject><calledObject taintID="233105336:id:1 [1035582907]" type="java.lang.StringBuilder" objectID="1035582907" taintRecord="TARGETCOLUMN: id CATALOG: rubis TABLE: regions COLUMN: id "></calledObject></taintlog>
<taintlog type="MODIFICATION"><location srcClass="edu.rice.rubis.servlets.RegisterUser" srcMethod="doGet HttpServletRequest HttpServletResponse" destClass="java.lang.StringBuilder" destMethod="append String" adviceType="STRINGMODTHIS" requestCounter="1" requestURI="random URI" requestRemoteAddr="random remoteaddress" callerContextCounter="28" calledContextCounter="54971"></location><targetObject taintID="233105336:id:1 [1035582907]" type="java.lang.StringBuilder" objectID="1035582907" value="INSERT INTO users VALUES (NULL, &quot;test7&quot;, &quot;test7&quot;, &quot;test7&quot;, &quot;test7&quot;, &quot;test7@sadmsaiofndgh.com&quot;, 0, 0,&quot;2013-2-20 18:0:12&quot;, 1)" taintRecord="TARGETCOLUMN: id CATALOG: rubis TABLE: regions COLUMN: id "></targetObject></taintlog>
<taintlog type="RETURNING" executionTime="1"><location srcClass="edu.rice.rubis.servlets.RegisterUser" srcMethod="doGet HttpServletRequest HttpServletResponse" destClass="java.lang.StringBuilder" destMethod="append String" adviceType="JAVACALLSTRINGRETURN" requestCounter="1" requestURI="random URI" requestRemoteAddr="random remoteaddress" callerContextCounter="28" calledContextCounter="54971"></location><taintedObject taintID="233105336:id:1 [1035582907]" type="java.lang.StringBuilder" objectID="1035582907" value="INSERT INTO users VALUES (NULL, &quot;test7&quot;, &quot;test7&quot;, &quot;test7&quot;, &quot;test7&quot;, &quot;test7@sadmsaiofndgh.com&quot;, 0, 0,&quot;2013-2-20 18:0:12&quot;, 1)" taintRecord="TARGETCOLUMN: id CATALOG: rubis TABLE: regions COLUMN: id "></taintedObject><callingObject taintID="" type="edu.rice.rubis.servlets.RegisterUser" objectID="748968642"></callingObject><calledObject taintID="233105336:id:1 [1035582907]" type="java.lang.StringBuilder" objectID="1035582907" taintRecord="TARGETCOLUMN: id CATALOG: rubis TABLE: regions COLUMN: id "></calledObject></taintlog>
<taintlog type="PROPAGATION"><location srcClass="edu.rice.rubis.servlets.RegisterUser" srcMethod="doGet HttpServletRequest HttpServletResponse" destClass="java.lang.StringBuilder" destMethod="toString" adviceType="STRINGPROPNOMOD" requestCounter="1" requestURI="random URI" requestRemoteAddr="random remoteaddress" callerContextCounter="28" calledContextCounter="54972"></location><sourceObject taintID="233105336:id:1 [1035582907]" type="java.lang.StringBuilder" objectID="1035582907" value="INSERT INTO users VALUES (NULL, &quot;test7&quot;, &quot;test7&quot;, &quot;test7&quot;, &quot;test7&quot;, &quot;test7@sadmsaiofndgh.com&quot;, 0, 0,&quot;2013-2-20 18:0:12&quot;, 1)" taintRecord="TARGETCOLUMN: id CATALOG: rubis TABLE: regions COLUMN: id "></sourceObject><destObject taintID="233105336:id:1 [1440812499]" type="java.lang.String" objectID="1440812499" value="INSERT INTO users VALUES (NULL, &quot;test7&quot;, &quot;test7&quot;, &quot;test7&quot;, &quot;test7&quot;, &quot;test7@sadmsaiofndgh.com&quot;, 0, 0,&quot;2013-2-20 18:0:12&quot;, 1)" taintRecord="TARGETCOLUMN: id CATALOG: rubis TABLE: regions COLUMN: id "></destObject><taintedObject taintID="233105336:id:1 [1440812499]" type="java.lang.String" objectID="1440812499" value="INSERT INTO users VALUES (NULL, &quot;test7&quot;, &quot;test7&quot;, &quot;test7&quot;, &quot;test7&quot;, &quot;test7@sadmsaiofndgh.com&quot;, 0, 0,&quot;2013-2-20 18:0:12&quot;, 1)" taintRecord="TARGETCOLUMN: id CATALOG: rubis TABLE: regions COLUMN: id "></taintedObject></taintlog>
<taintlog type="RETURNING" executionTime="0"><location srcClass="edu.rice.rubis.servlets.RegisterUser" srcMethod="doGet HttpServletRequest HttpServletResponse" destClass="java.lang.StringBuilder" destMethod="toString" adviceType="JAVACALLSTRINGRETURN" requestCounter="1" requestURI="random URI" requestRemoteAddr="random remoteaddress" callerContextCounter="28" calledContextCounter="54972"></location><taintedObject taintID="233105336:id:1 [1440812499]" type="java.lang.String" objectID="1440812499" value="INSERT INTO users VALUES (NULL, &quot;test7&quot;, &quot;test7&quot;, &quot;test7&quot;, &quot;test7&quot;, &quot;test7@sadmsaiofndgh.com&quot;, 0, 0,&quot;2013-2-20 18:0:12&quot;, 1)" taintRecord="TARGETCOLUMN: id CATALOG: rubis TABLE: regions COLUMN: id "></taintedObject><callingObject taintID="" type="edu.rice.rubis.servlets.RegisterUser" objectID="748968642"></callingObject><calledObject taintID="233105336:id:1 [1035582907]" type="java.lang.StringBuilder" objectID="1035582907" taintRecord="TARGETCOLUMN: id CATALOG: rubis TABLE: regions COLUMN: id "></calledObject></taintlog>
<taintlog type="CALLING"><location srcClass="edu.rice.rubis.servlets.RegisterUser" srcMethod="doGet HttpServletRequest HttpServletResponse" destClass="java.sql.Connection" destMethod="prepareStatement String" adviceType="JAVACALL" requestCounter="1" requestURI="random URI" requestRemoteAddr="random remoteaddress" callerContextCounter="28" calledContextCounter="54973"></location><taintedObject taintID="233105336:id:1 [1440812499]" type="java.lang.String" objectID="1440812499" value="INSERT INTO users VALUES (NULL, &quot;test7&quot;, &quot;test7&quot;, &quot;test7&quot;, &quot;test7&quot;, &quot;test7@sadmsaiofndgh.com&quot;, 0, 0,&quot;2013-2-20 18:0:12&quot;, 1)" taintRecord="TARGETCOLUMN: id CATALOG: rubis TABLE: regions COLUMN: id "></taintedObject><callingObject taintID="" type="edu.rice.rubis.servlets.RegisterUser" objectID="748968642"></callingObject><calledObject taintID="" type="com.mysql.jdbc.Connection" objectID="1358300025"></calledObject></taintlog>
<taintlog type="CALLING"><location srcClass="java.sql.Connection" srcMethod="prepareStatement String" destClass="com.mysql.jdbc.Connection" destMethod="prepareStatement String" adviceType="REGULAREXECUTE" requestCounter="1" requestURI="random URI" requestRemoteAddr="random remoteaddress" callerContextCounter="54973" calledContextCounter="54974"></location><taintedObject taintID="233105336:id:1 [1440812499]" type="java.lang.String" objectID="1440812499" value="INSERT INTO users VALUES (NULL, &quot;test7&quot;, &quot;test7&quot;, &quot;test7&quot;, &quot;test7&quot;, &quot;test7@sadmsaiofndgh.com&quot;, 0, 0,&quot;2013-2-20 18:0:12&quot;, 1)" taintRecord="TARGETCOLUMN: id CATALOG: rubis TABLE: regions COLUMN: id "></taintedObject><callingObject taintID="" type="com.mysql.jdbc.Connection" objectID="1358300025"></callingObject><calledObject taintID="" type="com.mysql.jdbc.Connection" objectID="1358300025"></calledObject></taintlog>
<taintlog type="CALLING"><location srcClass="com.mysql.jdbc.Connection" srcMethod="prepareStatement String" destClass="com.mysql.jdbc.Connection" destMethod="prepareStatement String int int" adviceType="JAVACALL" requestCounter="1" requestURI="random URI" requestRemoteAddr="random remoteaddress" callerContextCounter="54974" calledContextCounter="54975"></location><taintedObject taintID="233105336:id:1 [1440812499]" type="java.lang.String" objectID="1440812499" value="INSERT INTO users VALUES (NULL, &quot;test7&quot;, &quot;test7&quot;, &quot;test7&quot;, &quot;test7&quot;, &quot;test7@sadmsaiofndgh.com&quot;, 0, 0,&quot;2013-2-20 18:0:12&quot;, 1)" taintRecord="TARGETCOLUMN: id CATALOG: rubis TABLE: regions COLUMN: id "></taintedObject><callingObject taintID="" type="com.mysql.jdbc.Connection" objectID="1358300025"></callingObject><calledObject taintID="" type="com.mysql.jdbc.Connection" objectID="1358300025"></calledObject></taintlog>
<taintlog type="CALLING"><location srcClass="com.mysql.jdbc.Connection" srcMethod="prepareStatement String int int" destClass="com.mysql.jdbc.Connection" destMethod="prepareStatement String int int" adviceType="REGULAREXECUTE" requestCounter="1" requestURI="random URI" requestRemoteAddr="random remoteaddress" callerContextCounter="54975" calledContextCounter="54976"></location><taintedObject taintID="233105336:id:1 [1440812499]" type="java.lang.String" objectID="1440812499" value="INSERT INTO users VALUES (NULL, &quot;test7&quot;, &quot;test7&quot;, &quot;test7&quot;, &quot;test7&quot;, &quot;test7@sadmsaiofndgh.com&quot;, 0, 0,&quot;2013-2-20 18:0:12&quot;, 1)" taintRecord="TARGETCOLUMN: id CATALOG: rubis TABLE: regions COLUMN: id "></taintedObject><callingObject taintID="" type="com.mysql.jdbc.Connection" objectID="1358300025"></callingObject><calledObject taintID="" type="com.mysql.jdbc.Connection" objectID="1358300025"></calledObject></taintlog>
<taintlog type="CALLING"><location srcClass="com.mysql.jdbc.Connection" srcMethod="prepareStatement String int int" destClass="com.mysql.jdbc.PreparedStatement" destMethod="&lt;init&gt; Connection String String" adviceType="REGULAREXECUTE" requestCounter="1" requestURI="random URI" requestRemoteAddr="random remoteaddress" callerContextCounter="54976" calledContextCounter="55000"></location><taintedObject taintID="233105336:id:1 [1440812499]" type="java.lang.String" objectID="1440812499" value="INSERT INTO users VALUES (NULL, &quot;test7&quot;, &quot;test7&quot;, &quot;test7&quot;, &quot;test7&quot;, &quot;test7@sadmsaiofndgh.com&quot;, 0, 0,&quot;2013-2-20 18:0:12&quot;, 1)" taintRecord="TARGETCOLUMN: id CATALOG: rubis TABLE: regions COLUMN: id "></taintedObject><callingObject taintID="" type="com.mysql.jdbc.Connection" objectID="1358300025"></callingObject><calledObject taintID="" type="com.mysql.jdbc.PreparedStatement" objectID="416547579"></calledObject></taintlog>
<taintlog type="CALLING"><location srcClass="com.mysql.jdbc.PreparedStatement" srcMethod="&lt;init&gt; Connection String String" destClass="com.mysql.jdbc.PreparedStatement$ParseInfo" destMethod="&lt;init&gt; PreparedStatement String Connection DatabaseMetaData String SingleByteCharsetConverter" adviceType="REGULAREXECUTE" requestCounter="1" requestURI="random URI" requestRemoteAddr="random remoteaddress" callerContextCounter="55000" calledContextCounter="55014"></location><taintedObject taintID="233105336:id:1 [1440812499]" type="java.lang.String" objectID="1440812499" value="INSERT INTO users VALUES (NULL, &quot;test7&quot;, &quot;test7&quot;, &quot;test7&quot;, &quot;test7&quot;, &quot;test7@sadmsaiofndgh.com&quot;, 0, 0,&quot;2013-2-20 18:0:12&quot;, 1)" taintRecord="TARGETCOLUMN: id CATALOG: rubis TABLE: regions COLUMN: id "></taintedObject><callingObject taintID="" type="com.mysql.jdbc.PreparedStatement" objectID="416547579"></callingObject><calledObject taintID="" type="com.mysql.jdbc.PreparedStatement$ParseInfo" objectID="2014158340"></calledObject></taintlog>
<taintlog type="CALLING"><location srcClass="com.mysql.jdbc.PreparedStatement" srcMethod="&lt;init&gt; Connection String String" destClass="com.mysql.jdbc.PreparedStatement$ParseInfo" destMethod="&lt;init&gt; PreparedStatement String Connection DatabaseMetaData String SingleByteCharsetConverter" adviceType="REGULARCONSPOSTARG" requestCounter="1" requestURI="random URI" requestRemoteAddr="random remoteaddress" callerContextCounter="55000" calledContextCounter="55014"></location><taintedObject taintID="233105336:id:1 [1440812499]" type="java.lang.String" objectID="1440812499" value="INSERT INTO users VALUES (NULL, &quot;test7&quot;, &quot;test7&quot;, &quot;test7&quot;, &quot;test7&quot;, &quot;test7@sadmsaiofndgh.com&quot;, 0, 0,&quot;2013-2-20 18:0:12&quot;, 1)" taintRecord="TARGETCOLUMN: id CATALOG: rubis TABLE: regions COLUMN: id "></taintedObject><callingObject taintID="" type="com.mysql.jdbc.PreparedStatement" objectID="416547579"></callingObject><calledObject taintID="" type="com.mysql.jdbc.PreparedStatement$ParseInfo" objectID="2014158340"></calledObject></taintlog>
<taintlog type="CALLING"><location srcClass="com.mysql.jdbc.Connection" srcMethod="prepareStatement String int int" destClass="com.mysql.jdbc.PreparedStatement" destMethod="&lt;init&gt; Connection String String" adviceType="REGULARCONSPOSTARG" requestCounter="1" requestURI="random URI" requestRemoteAddr="random remoteaddress" callerContextCounter="54976" calledContextCounter="55000"></location><taintedObject taintID="233105336:id:1 [1440812499]" type="java.lang.String" objectID="1440812499" value="INSERT INTO users VALUES (NULL, &quot;test7&quot;, &quot;test7&quot;, &quot;test7&quot;, &quot;test7&quot;, &quot;test7@sadmsaiofndgh.com&quot;, 0, 0,&quot;2013-2-20 18:0:12&quot;, 1)" taintRecord="TARGETCOLUMN: id CATALOG: rubis TABLE: regions COLUMN: id "></taintedObject><callingObject taintID="" type="com.mysql.jdbc.Connection" objectID="1358300025"></callingObject><calledObject taintID="" type="com.mysql.jdbc.PreparedStatement" objectID="416547579"></calledObject></taintlog>
<taintlog type="RETURNING" executionTime="41"><location srcClass="com.mysql.jdbc.Connection" srcMethod="prepareStatement String int int" destClass="com.mysql.jdbc.PreparedStatement" destMethod="&lt;init&gt; Connection String String" adviceType="EXECUTEOBJECTRETURNCONSTRUCT" requestCounter="1" requestURI="random URI" requestRemoteAddr="random remoteaddress" callerContextCounter="54976" calledContextCounter="55000"></location><taintedObject taintID="" type="com.mysql.jdbc.PreparedStatement" objectID="416547579" value="com.mysql.jdbc.PreparedStatement@18d402fb: [B@1f75fbe3"><subTaintedObject taintID="233105336:id:1 [1440812499]" type="java.lang.String" objectID="1440812499" value="INSERT INTO users VALUES (NULL, &quot;test7&quot;, &quot;test7&quot;, &quot;test7&quot;, &quot;test7&quot;, &quot;test7@sadmsaiofndgh.com&quot;, 0, 0,&quot;2013-2-20 18:0:12&quot;, 1)" taintRecord="TARGETCOLUMN: id CATALOG: rubis TABLE: regions COLUMN: id "></subTaintedObject></taintedObject><callingObject taintID="" type="com.mysql.jdbc.Connection" objectID="1358300025"></callingObject><calledObject taintID="" type="com.mysql.jdbc.PreparedStatement" objectID="416547579"></calledObject></taintlog>
<taintlog type="CALLING"><location srcClass="com.mysql.jdbc.Connection" srcMethod="prepareStatement String int int" destClass="com.mysql.jdbc.Connection" destMethod="prepareStatement String int int" adviceType="REGULARPOSTARG" requestCounter="1" requestURI="random URI" requestRemoteAddr="random remoteaddress" callerContextCounter="54975" calledContextCounter="54976"></location><taintedObject taintID="233105336:id:1 [1440812499]" type="java.lang.String" objectID="1440812499" value="INSERT INTO users VALUES (NULL, &quot;test7&quot;, &quot;test7&quot;, &quot;test7&quot;, &quot;test7&quot;, &quot;test7@sadmsaiofndgh.com&quot;, 0, 0,&quot;2013-2-20 18:0:12&quot;, 1)" taintRecord="TARGETCOLUMN: id CATALOG: rubis TABLE: regions COLUMN: id "></taintedObject><callingObject taintID="" type="com.mysql.jdbc.Connection" objectID="1358300025"></callingObject><calledObject taintID="" type="com.mysql.jdbc.Connection" objectID="1358300025"></calledObject></taintlog>
<taintlog type="RETURNING" executionTime="51"><location srcClass="com.mysql.jdbc.Connection" srcMethod="prepareStatement String int int" destClass="com.mysql.jdbc.Connection" destMethod="prepareStatement String int int" adviceType="EXECUTEOBJECTRETURN" requestCounter="1" requestURI="random URI" requestRemoteAddr="random remoteaddress" callerContextCounter="54975" calledContextCounter="54976"></location><taintedObject taintID="" type="com.mysql.jdbc.PreparedStatement" objectID="416547579" value="com.mysql.jdbc.PreparedStatement@18d402fb: [B@1f75fbe3"><subTaintedObject taintID="233105336:id:1 [1440812499]" type="java.lang.String" objectID="1440812499" value="INSERT INTO users VALUES (NULL, &quot;test7&quot;, &quot;test7&quot;, &quot;test7&quot;, &quot;test7&quot;, &quot;test7@sadmsaiofndgh.com&quot;, 0, 0,&quot;2013-2-20 18:0:12&quot;, 1)" taintRecord="TARGETCOLUMN: id CATALOG: rubis TABLE: regions COLUMN: id "></subTaintedObject></taintedObject><callingObject taintID="" type="com.mysql.jdbc.Connection" objectID="1358300025"></callingObject><calledObject taintID="" type="com.mysql.jdbc.Connection" objectID="1358300025"></calledObject></taintlog>
<taintlog type="CALLING"><location srcClass="com.mysql.jdbc.Connection" srcMethod="prepareStatement String" destClass="com.mysql.jdbc.Connection" destMethod="prepareStatement String int int" adviceType="JAVACALLPOSTARG" requestCounter="1" requestURI="random URI" requestRemoteAddr="random remoteaddress" callerContextCounter="54974" calledContextCounter="54975"></location><taintedObject taintID="233105336:id:1 [1440812499]" type="java.lang.String" objectID="1440812499" value="INSERT INTO users VALUES (NULL, &quot;test7&quot;, &quot;test7&quot;, &quot;test7&quot;, &quot;test7&quot;, &quot;test7@sadmsaiofndgh.com&quot;, 0, 0,&quot;2013-2-20 18:0:12&quot;, 1)" taintRecord="TARGETCOLUMN: id CATALOG: rubis TABLE: regions COLUMN: id "></taintedObject><callingObject taintID="" type="com.mysql.jdbc.Connection" objectID="1358300025"></callingObject><calledObject taintID="" type="com.mysql.jdbc.Connection" objectID="1358300025"></calledObject></taintlog>
<taintlog type="RETURNING" executionTime="56"><location srcClass="com.mysql.jdbc.Connection" srcMethod="prepareStatement String" destClass="com.mysql.jdbc.Connection" destMethod="prepareStatement String int int" adviceType="JAVACALLOBJECTRETURN" requestCounter="1" requestURI="random URI" requestRemoteAddr="random remoteaddress" callerContextCounter="54974" calledContextCounter="54975"></location><taintedObject taintID="" type="com.mysql.jdbc.PreparedStatement" objectID="416547579" value="com.mysql.jdbc.PreparedStatement@18d402fb: [B@1f75fbe3"><subTaintedObject taintID="233105336:id:1 [1440812499]" type="java.lang.String" objectID="1440812499" value="INSERT INTO users VALUES (NULL, &quot;test7&quot;, &quot;test7&quot;, &quot;test7&quot;, &quot;test7&quot;, &quot;test7@sadmsaiofndgh.com&quot;, 0, 0,&quot;2013-2-20 18:0:12&quot;, 1)" taintRecord="TARGETCOLUMN: id CATALOG: rubis TABLE: regions COLUMN: id "></subTaintedObject></taintedObject><callingObject taintID="" type="com.mysql.jdbc.Connection" objectID="1358300025"></callingObject><calledObject taintID="" type="com.mysql.jdbc.Connection" objectID="1358300025"></calledObject></taintlog>
<taintlog type="CALLING"><location srcClass="java.sql.Connection" srcMethod="prepareStatement String" destClass="com.mysql.jdbc.Connection" destMethod="prepareStatement String" adviceType="REGULARPOSTARG" requestCounter="1" requestURI="random URI" requestRemoteAddr="random remoteaddress" callerContextCounter="54973" calledContextCounter="54974"></location><taintedObject taintID="233105336:id:1 [1440812499]" type="java.lang.String" objectID="1440812499" value="INSERT INTO users VALUES (NULL, &quot;test7&quot;, &quot;test7&quot;, &quot;test7&quot;, &quot;test7&quot;, &quot;test7@sadmsaiofndgh.com&quot;, 0, 0,&quot;2013-2-20 18:0:12&quot;, 1)" taintRecord="TARGETCOLUMN: id CATALOG: rubis TABLE: regions COLUMN: id "></taintedObject><callingObject taintID="" type="com.mysql.jdbc.Connection" objectID="1358300025"></callingObject><calledObject taintID="" type="com.mysql.jdbc.Connection" objectID="1358300025"></calledObject></taintlog>
<taintlog type="RETURNING" executionTime="59"><location srcClass="java.sql.Connection" srcMethod="prepareStatement String" destClass="com.mysql.jdbc.Connection" destMethod="prepareStatement String" adviceType="EXECUTEOBJECTRETURN" requestCounter="1" requestURI="random URI" requestRemoteAddr="random remoteaddress" callerContextCounter="54973" calledContextCounter="54974"></location><taintedObject taintID="" type="com.mysql.jdbc.PreparedStatement" objectID="416547579" value="com.mysql.jdbc.PreparedStatement@18d402fb: [B@1f75fbe3"><subTaintedObject taintID="233105336:id:1 [1440812499]" type="java.lang.String" objectID="1440812499" value="INSERT INTO users VALUES (NULL, &quot;test7&quot;, &quot;test7&quot;, &quot;test7&quot;, &quot;test7&quot;, &quot;test7@sadmsaiofndgh.com&quot;, 0, 0,&quot;2013-2-20 18:0:12&quot;, 1)" taintRecord="TARGETCOLUMN: id CATALOG: rubis TABLE: regions COLUMN: id "></subTaintedObject></taintedObject><callingObject taintID="" type="com.mysql.jdbc.Connection" objectID="1358300025"></callingObject><calledObject taintID="" type="com.mysql.jdbc.Connection" objectID="1358300025"></calledObject></taintlog>
<taintlog type="CALLING"><location srcClass="edu.rice.rubis.servlets.RegisterUser" srcMethod="doGet HttpServletRequest HttpServletResponse" destClass="java.sql.Connection" destMethod="prepareStatement String" adviceType="JAVACALLPOSTARG" requestCounter="1" requestURI="random URI" requestRemoteAddr="random remoteaddress" callerContextCounter="28" calledContextCounter="54973"></location><taintedObject taintID="233105336:id:1 [1440812499]" type="java.lang.String" objectID="1440812499" value="INSERT INTO users VALUES (NULL, &quot;test7&quot;, &quot;test7&quot;, &quot;test7&quot;, &quot;test7&quot;, &quot;test7@sadmsaiofndgh.com&quot;, 0, 0,&quot;2013-2-20 18:0:12&quot;, 1)" taintRecord="TARGETCOLUMN: id CATALOG: rubis TABLE: regions COLUMN: id "></taintedObject><callingObject taintID="" type="edu.rice.rubis.servlets.RegisterUser" objectID="748968642"></callingObject><calledObject taintID="" type="com.mysql.jdbc.Connection" objectID="1358300025"></calledObject></taintlog>
<taintlog type="RETURNING" executionTime="63"><location srcClass="edu.rice.rubis.servlets.RegisterUser" srcMethod="doGet HttpServletRequest HttpServletResponse" destClass="java.sql.Connection" destMethod="prepareStatement String" adviceType="JAVACALLOBJECTRETURN" requestCounter="1" requestURI="random URI" requestRemoteAddr="random remoteaddress" callerContextCounter="28" calledContextCounter="54973"></location><taintedObject taintID="" type="com.mysql.jdbc.PreparedStatement" objectID="416547579" value="com.mysql.jdbc.PreparedStatement@18d402fb: [B@1f75fbe3"><subTaintedObject taintID="233105336:id:1 [1440812499]" type="java.lang.String" objectID="1440812499" value="INSERT INTO users VALUES (NULL, &quot;test7&quot;, &quot;test7&quot;, &quot;test7&quot;, &quot;test7&quot;, &quot;test7@sadmsaiofndgh.com&quot;, 0, 0,&quot;2013-2-20 18:0:12&quot;, 1)" taintRecord="TARGETCOLUMN: id CATALOG: rubis TABLE: regions COLUMN: id "></subTaintedObject></taintedObject><callingObject taintID="" type="edu.rice.rubis.servlets.RegisterUser" objectID="748968642"></callingObject><calledObject taintID="" type="com.mysql.jdbc.Connection" objectID="1358300025"></calledObject></taintlog>
<taintlog type="OUTPUT"><location srcClass="edu.rice.rubis.servlets.RegisterUser" srcMethod="doGet HttpServletRequest HttpServletResponse" destClass="com.mysql.jdbc.PreparedStatement" destMethod="executeUpdate" adviceType="DBOUT" requestCounter="1" requestURI="random URI" requestRemoteAddr="random remoteaddress" callerContextCounter="28" calledContextCounter="55455"></location><taintedObject taintID="" type="com.mysql.jdbc.PreparedStatement" objectID="416547579" value="com.mysql.jdbc.PreparedStatement@18d402fb: [B@1f75fbe3"><subTaintedObject taintID="233105336:id:1 [1440812499]" type="java.lang.String" objectID="1440812499" value="INSERT INTO users VALUES (NULL, &quot;test7&quot;, &quot;test7&quot;, &quot;test7&quot;, &quot;test7&quot;, &quot;test7@sadmsaiofndgh.com&quot;, 0, 0,&quot;2013-2-20 18:0:12&quot;, 1)" taintRecord="TARGETCOLUMN: id CATALOG: rubis TABLE: regions COLUMN: id "></subTaintedObject></taintedObject><callingObject taintID="" type="edu.rice.rubis.servlets.RegisterUser" objectID="748968642"></callingObject><calledObject taintID="" type="com.mysql.jdbc.PreparedStatement" objectID="416547579"></calledObject></taintlog>
<taintlog type="OUTPUT"><location srcClass="com.mysql.jdbc.PreparedStatement" srcMethod="executeUpdate" destClass="com.mysql.jdbc.PreparedStatement" destMethod="executeUpdate byte[][] InputStream[] boolean[] int[] boolean[]" adviceType="DBOUT" requestCounter="1" requestURI="random URI" requestRemoteAddr="random remoteaddress" callerContextCounter="55456" calledContextCounter="55457"></location><taintedObject taintID="" type="com.mysql.jdbc.PreparedStatement" objectID="416547579" value="com.mysql.jdbc.PreparedStatement@18d402fb: [B@1f75fbe3"><subTaintedObject taintID="233105336:id:1 [1440812499]" type="java.lang.String" objectID="1440812499" value="INSERT INTO users VALUES (NULL, &quot;test7&quot;, &quot;test7&quot;, &quot;test7&quot;, &quot;test7&quot;, &quot;test7@sadmsaiofndgh.com&quot;, 0, 0,&quot;2013-2-20 18:0:12&quot;, 1)" taintRecord="TARGETCOLUMN: id CATALOG: rubis TABLE: regions COLUMN: id "></subTaintedObject></taintedObject><callingObject taintID="" type="com.mysql.jdbc.PreparedStatement" objectID="416547579"></callingObject><calledObject taintID="" type="com.mysql.jdbc.PreparedStatement" objectID="416547579"></calledObject></taintlog>
<taintlog type="RETURNING" executionTime="94"><location srcClass="edu.rice.rubis.servlets.RegisterUser" srcMethod="doGet HttpServletRequest HttpServletResponse" destClass="java.sql.PreparedStatement" destMethod="executeQuery" adviceType="JAVACALLSTRINGRETURN" requestCounter="1" requestURI="random URI" requestRemoteAddr="random remoteaddress" callerContextCounter="28" calledContextCounter="55779"></location><taintedObject taintID="361012005:3 [362985857]" type="com.mysql.jdbc.ResultSet" objectID="362985857" value="com.mysql.jdbc.ResultSet@15a2b981" taintRecord="CATALOG: rubis TABLE: users COLUMN: id CATALOG: rubis TABLE: users COLUMN: creation_date "></taintedObject><callingObject taintID="" type="edu.rice.rubis.servlets.RegisterUser" objectID="748968642"></callingObject><calledObject taintID="" type="com.mysql.jdbc.PreparedStatement" objectID="1075378575"></calledObject></taintlog>
<taintlog type="RETURNINGINPUT"><location srcClass="com.mysql.jdbc.ResultSet" srcMethod="getInt String" destClass="com.mysql.jdbc.ResultSet" destMethod="getInt int" adviceType="DBCPINT" requestCounter="1" requestURI="random URI" requestRemoteAddr="random remoteaddress" callerContextCounter="56097" calledContextCounter="56149"></location><taintedObject taintID="361012005:id:4 [83099884]" type="java.lang.Integer" objectID="1625493920" value="83099884" taintRecord="TARGETCOLUMN: id CATALOG: rubis TABLE: users COLUMN: id CATALOG: rubis TABLE: users COLUMN: creation_date "></taintedObject><callingObject taintID="361012005:3 [362985857]" type="com.mysql.jdbc.ResultSet" objectID="362985857" taintRecord="CATALOG: rubis TABLE: users COLUMN: id CATALOG: rubis TABLE: users COLUMN: creation_date "></callingObject><calledObject taintID="361012005:3 [362985857]" type="com.mysql.jdbc.ResultSet" objectID="362985857" taintRecord="CATALOG: rubis TABLE: users COLUMN: id CATALOG: rubis TABLE: users COLUMN: creation_date "></calledObject></taintlog>
<taintlog type="RETURNING" executionTime="40"><location srcClass="com.mysql.jdbc.ResultSet" srcMethod="getInt String" destClass="com.mysql.jdbc.ResultSet" destMethod="getInt int" adviceType="JAVACALLSTRINGRETURN" requestCounter="1" requestURI="random URI" requestRemoteAddr="random remoteaddress" callerContextCounter="56097" calledContextCounter="56149"></location><taintedObject taintID="361012005:id:4 [83099884]" type="java.lang.Integer" objectID="1536839953" value="83099884" taintRecord="TARGETCOLUMN: id CATALOG: rubis TABLE: users COLUMN: id CATALOG: rubis TABLE: users COLUMN: creation_date "></taintedObject><callingObject taintID="361012005:3 [362985857]" type="com.mysql.jdbc.ResultSet" objectID="362985857" taintRecord="CATALOG: rubis TABLE: users COLUMN: id CATALOG: rubis TABLE: users COLUMN: creation_date "></callingObject><calledObject taintID="361012005:3 [362985857]" type="com.mysql.jdbc.ResultSet" objectID="362985857" taintRecord="CATALOG: rubis TABLE: users COLUMN: id CATALOG: rubis TABLE: users COLUMN: creation_date "></calledObject></taintlog>
<taintlog type="RETURNING" executionTime="45"><location srcClass="java.sql.ResultSet" srcMethod="getInt String" destClass="com.mysql.jdbc.ResultSet" destMethod="getInt String" adviceType="EXECUTESTRINGRETURN" requestCounter="1" requestURI="random URI" requestRemoteAddr="random remoteaddress" callerContextCounter="56096" calledContextCounter="56097"></location><taintedObject taintID="361012005:id:4 [83099884]" type="java.lang.Integer" objectID="1883267602" value="83099884" taintRecord="TARGETCOLUMN: id CATALOG: rubis TABLE: users COLUMN: id CATALOG: rubis TABLE: users COLUMN: creation_date "></taintedObject><callingObject taintID="361012005:3 [362985857]" type="com.mysql.jdbc.ResultSet" objectID="362985857" taintRecord="CATALOG: rubis TABLE: users COLUMN: id CATALOG: rubis TABLE: users COLUMN: creation_date "></callingObject><calledObject taintID="361012005:3 [362985857]" type="com.mysql.jdbc.ResultSet" objectID="362985857" taintRecord="CATALOG: rubis TABLE: users COLUMN: id CATALOG: rubis TABLE: users COLUMN: creation_date "></calledObject></taintlog>
<taintlog type="RETURNINGINPUT"><location srcClass="edu.rice.rubis.servlets.RegisterUser" srcMethod="doGet HttpServletRequest HttpServletResponse" destClass="java.sql.ResultSet" destMethod="getInt String" adviceType="DBCPINT" requestCounter="1" requestURI="random URI" requestRemoteAddr="random remoteaddress" callerContextCounter="28" calledContextCounter="56096"></location><taintedObject taintID="361012005:id:4 [83099884]" type="java.lang.Integer" objectID="612420745" value="83099884" taintRecord="TARGETCOLUMN: id CATALOG: rubis TABLE: users COLUMN: id CATALOG: rubis TABLE: users COLUMN: creation_date "></taintedObject><callingObject taintID="" type="edu.rice.rubis.servlets.RegisterUser" objectID="748968642"></callingObject><calledObject taintID="361012005:3 [362985857]" type="com.mysql.jdbc.ResultSet" objectID="362985857" taintRecord="CATALOG: rubis TABLE: users COLUMN: id CATALOG: rubis TABLE: users COLUMN: creation_date "></calledObject></taintlog>
<taintlog type="RETURNING" executionTime="61"><location srcClass="edu.rice.rubis.servlets.RegisterUser" srcMethod="doGet HttpServletRequest HttpServletResponse" destClass="java.sql.ResultSet" destMethod="getInt String" adviceType="JAVACALLSTRINGRETURN" requestCounter="1" requestURI="random URI" requestRemoteAddr="random remoteaddress" callerContextCounter="28" calledContextCounter="56096"></location><taintedObject taintID="361012005:id:4 [83099884]" type="java.lang.Integer" objectID="66341144" value="83099884" taintRecord="TARGETCOLUMN: id CATALOG: rubis TABLE: users COLUMN: id CATALOG: rubis TABLE: users COLUMN: creation_date "></taintedObject><callingObject taintID="" type="edu.rice.rubis.servlets.RegisterUser" objectID="748968642"></callingObject><calledObject taintID="361012005:3 [362985857]" type="com.mysql.jdbc.ResultSet" objectID="362985857" taintRecord="CATALOG: rubis TABLE: users COLUMN: id CATALOG: rubis TABLE: users COLUMN: creation_date "></calledObject></taintlog>
<taintlog type="RETURNINGINPUT"><location srcClass="com.mysql.jdbc.ResultSet" srcMethod="getString String" destClass="com.mysql.jdbc.ResultSet" destMethod="getString int" adviceType="DBCP" requestCounter="1" requestURI="random URI" requestRemoteAddr="random remoteaddress" callerContextCounter="56285" calledContextCounter="56290"></location><taintedObject taintID="361012005:creation_date:5 [1929694856]" type="java.lang.String" objectID="1929694856" value="2013-02-20 18:00:12" taintRecord="TARGETCOLUMN: creation_date CATALOG: rubis TABLE: users COLUMN: id CATALOG: rubis TABLE: users COLUMN: creation_date "></taintedObject><callingObject taintID="361012005:3 [362985857]" type="com.mysql.jdbc.ResultSet" objectID="362985857" taintRecord="CATALOG: rubis TABLE: users COLUMN: id CATALOG: rubis TABLE: users COLUMN: creation_date "></callingObject><calledObject taintID="361012005:3 [362985857]" type="com.mysql.jdbc.ResultSet" objectID="362985857" taintRecord="CATALOG: rubis TABLE: users COLUMN: id CATALOG: rubis TABLE: users COLUMN: creation_date "></calledObject></taintlog>
<taintlog type="RETURNING" executionTime="26"><location srcClass="com.mysql.jdbc.ResultSet" srcMethod="getString String" destClass="com.mysql.jdbc.ResultSet" destMethod="getString int" adviceType="JAVACALLSTRINGRETURN" requestCounter="1" requestURI="random URI" requestRemoteAddr="random remoteaddress" callerContextCounter="56285" calledContextCounter="56290"></location><taintedObject taintID="361012005:creation_date:5 [1929694856]" type="java.lang.String" objectID="1929694856" value="2013-02-20 18:00:12" taintRecord="TARGETCOLUMN: creation_date CATALOG: rubis TABLE: users COLUMN: id CATALOG: rubis TABLE: users COLUMN: creation_date "></taintedObject><callingObject taintID="361012005:3 [362985857]" type="com.mysql.jdbc.ResultSet" objectID="362985857" taintRecord="CATALOG: rubis TABLE: users COLUMN: id CATALOG: rubis TABLE: users COLUMN: creation_date "></callingObject><calledObject taintID="361012005:3 [362985857]" type="com.mysql.jdbc.ResultSet" objectID="362985857" taintRecord="CATALOG: rubis TABLE: users COLUMN: id CATALOG: rubis TABLE: users COLUMN: creation_date "></calledObject></taintlog>
<taintlog type="RETURNING" executionTime="26"><location srcClass="java.sql.ResultSet" srcMethod="getString String" destClass="com.mysql.jdbc.ResultSet" destMethod="getString String" adviceType="EXECUTESTRINGRETURN" requestCounter="1" requestURI="random URI" requestRemoteAddr="random remoteaddress" callerContextCounter="56284" calledContextCounter="56285"></location><taintedObject taintID="361012005:creation_date:5 [1929694856]" type="java.lang.String" objectID="1929694856" value="2013-02-20 18:00:12" taintRecord="TARGETCOLUMN: creation_date CATALOG: rubis TABLE: users COLUMN: id CATALOG: rubis TABLE: users COLUMN: creation_date "></taintedObject><callingObject taintID="361012005:3 [362985857]" type="com.mysql.jdbc.ResultSet" objectID="362985857" taintRecord="CATALOG: rubis TABLE: users COLUMN: id CATALOG: rubis TABLE: users COLUMN: creation_date "></callingObject><calledObject taintID="361012005:3 [362985857]" type="com.mysql.jdbc.ResultSet" objectID="362985857" taintRecord="CATALOG: rubis TABLE: users COLUMN: id CATALOG: rubis TABLE: users COLUMN: creation_date "></calledObject></taintlog>
<taintlog type="RETURNINGINPUT"><location srcClass="edu.rice.rubis.servlets.RegisterUser" srcMethod="doGet HttpServletRequest HttpServletResponse" destClass="java.sql.ResultSet" destMethod="getString String" adviceType="DBCP" requestCounter="1" requestURI="random URI" requestRemoteAddr="random remoteaddress" callerContextCounter="28" calledContextCounter="56284"></location><taintedObject taintID="361012005:creation_date:5 [1929694856]" type="java.lang.String" objectID="1929694856" value="2013-02-20 18:00:12" taintRecord="TARGETCOLUMN: creation_date CATALOG: rubis TABLE: users COLUMN: id CATALOG: rubis TABLE: users COLUMN: creation_date "></taintedObject><callingObject taintID="" type="edu.rice.rubis.servlets.RegisterUser" objectID="748968642"></callingObject><calledObject taintID="361012005:3 [362985857]" type="com.mysql.jdbc.ResultSet" objectID="362985857" taintRecord="CATALOG: rubis TABLE: users COLUMN: id CATALOG: rubis TABLE: users COLUMN: creation_date "></calledObject></taintlog>
<taintlog type="RETURNING" executionTime="35"><location srcClass="edu.rice.rubis.servlets.RegisterUser" srcMethod="doGet HttpServletRequest HttpServletResponse" destClass="java.sql.ResultSet" destMethod="getString String" adviceType="JAVACALLSTRINGRETURN" requestCounter="1" requestURI="random URI" requestRemoteAddr="random remoteaddress" callerContextCounter="28" calledContextCounter="56284"></location><taintedObject taintID="361012005:creation_date:5 [1929694856]" type="java.lang.String" objectID="1929694856" value="2013-02-20 18:00:12" taintRecord="TARGETCOLUMN: creation_date CATALOG: rubis TABLE: users COLUMN: id CATALOG: rubis TABLE: users COLUMN: creation_date "></taintedObject><callingObject taintID="" type="edu.rice.rubis.servlets.RegisterUser" objectID="748968642"></callingObject><calledObject taintID="361012005:3 [362985857]" type="com.mysql.jdbc.ResultSet" objectID="362985857" taintRecord="CATALOG: rubis TABLE: users COLUMN: id CATALOG: rubis TABLE: users COLUMN: creation_date "></calledObject></taintlog>
<taintlog type="CALLING"><location srcClass="edu.rice.rubis.servlets.RegisterUser" srcMethod="doGet HttpServletRequest HttpServletResponse" destClass="java.lang.StringBuilder" destMethod="append int" adviceType="JAVACALL" requestCounter="1" requestURI="random URI" requestRemoteAddr="random remoteaddress" callerContextCounter="28" calledContextCounter="56431"></location><taintedObject taintID="361012005:id:4 [83099884]" type="java.lang.Integer" objectID="402641375" value="83099884" taintRecord="TARGETCOLUMN: id CATALOG: rubis TABLE: users COLUMN: id CATALOG: rubis TABLE: users COLUMN: creation_date "></taintedObject><callingObject taintID="" type="edu.rice.rubis.servlets.RegisterUser" objectID="748968642"></callingObject><calledObject taintID="" type="java.lang.StringBuilder" objectID="1750899688"></calledObject></taintlog>
<taintlog type="MODIFICATION"><location srcClass="edu.rice.rubis.servlets.RegisterUser" srcMethod="doGet HttpServletRequest HttpServletResponse" destClass="java.lang.StringBuilder" destMethod="append int" adviceType="STRINGMODARGS" requestCounter="1" requestURI="random URI" requestRemoteAddr="random remoteaddress" callerContextCounter="28" calledContextCounter="56431"></location><targetObject taintID="361012005:id:4 [83099884]" type="java.lang.Integer" objectID="402641375" value="83099884" taintRecord="TARGETCOLUMN: id CATALOG: rubis TABLE: users COLUMN: id CATALOG: rubis TABLE: users COLUMN: creation_date "></targetObject></taintlog>
<taintlog type="PROPAGATION"><location srcClass="edu.rice.rubis.servlets.RegisterUser" srcMethod="doGet HttpServletRequest HttpServletResponse" destClass="java.lang.StringBuilder" destMethod="append int" adviceType="STRINGPROPTHISA" requestCounter="1" requestURI="random URI" requestRemoteAddr="random remoteaddress" callerContextCounter="28" calledContextCounter="56431"></location><sourceObject taintID="361012005:id:4 [83099884]" type="java.lang.Integer" objectID="402641375" value="83099884" taintRecord="TARGETCOLUMN: id CATALOG: rubis TABLE: users COLUMN: id CATALOG: rubis TABLE: users COLUMN: creation_date "></sourceObject><destObject taintID="361012005:id:4 [1750899688]" type="java.lang.StringBuilder" objectID="1750899688" value="User id       :1001855" taintRecord="TARGETCOLUMN: id CATALOG: rubis TABLE: users COLUMN: id CATALOG: rubis TABLE: users COLUMN: creation_date "></destObject><taintedObject taintID="361012005:id:4 [1750899688]" type="java.lang.StringBuilder" objectID="1750899688" value="User id       :1001855" taintRecord="TARGETCOLUMN: id CATALOG: rubis TABLE: users COLUMN: id CATALOG: rubis TABLE: users COLUMN: creation_date "></taintedObject></taintlog>
<taintlog type="MODIFICATION"><location srcClass="edu.rice.rubis.servlets.RegisterUser" srcMethod="doGet HttpServletRequest HttpServletResponse" destClass="java.lang.StringBuilder" destMethod="append int" adviceType="STRINGMODTHIS" requestCounter="1" requestURI="random URI" requestRemoteAddr="random remoteaddress" callerContextCounter="28" calledContextCounter="56431"></location><targetObject taintID="361012005:id:4 [1750899688]" type="java.lang.StringBuilder" objectID="1750899688" value="User id       :1001855" taintRecord="TARGETCOLUMN: id CATALOG: rubis TABLE: users COLUMN: id CATALOG: rubis TABLE: users COLUMN: creation_date "></targetObject></taintlog>
<taintlog type="RETURNING" executionTime="1"><location srcClass="edu.rice.rubis.servlets.RegisterUser" srcMethod="doGet HttpServletRequest HttpServletResponse" destClass="java.lang.StringBuilder" destMethod="append int" adviceType="JAVACALLSTRINGRETURN" requestCounter="1" requestURI="random URI" requestRemoteAddr="random remoteaddress" callerContextCounter="28" calledContextCounter="56431"></location><taintedObject taintID="361012005:id:4 [1750899688]" type="java.lang.StringBuilder" objectID="1750899688" value="User id       :1001855" taintRecord="TARGETCOLUMN: id CATALOG: rubis TABLE: users COLUMN: id CATALOG: rubis TABLE: users COLUMN: creation_date "></taintedObject><callingObject taintID="" type="edu.rice.rubis.servlets.RegisterUser" objectID="748968642"></callingObject><calledObject taintID="361012005:id:4 [1750899688]" type="java.lang.StringBuilder" objectID="1750899688" taintRecord="TARGETCOLUMN: id CATALOG: rubis TABLE: users COLUMN: id CATALOG: rubis TABLE: users COLUMN: creation_date "></calledObject></taintlog>
<taintlog type="MODIFICATION"><location srcClass="edu.rice.rubis.servlets.RegisterUser" srcMethod="doGet HttpServletRequest HttpServletResponse" destClass="java.lang.StringBuilder" destMethod="append String" adviceType="STRINGMODTHIS" requestCounter="1" requestURI="random URI" requestRemoteAddr="random remoteaddress" callerContextCounter="28" calledContextCounter="56432"></location><targetObject taintID="361012005:id:4 [1750899688]" type="java.lang.StringBuilder" objectID="1750899688" value="User id       :1001855&lt;br&gt;" taintRecord="TARGETCOLUMN: id CATALOG: rubis TABLE: users COLUMN: id CATALOG: rubis TABLE: users COLUMN: creation_date "></targetObject></taintlog>
<taintlog type="RETURNING" executionTime="0"><location srcClass="edu.rice.rubis.servlets.RegisterUser" srcMethod="doGet HttpServletRequest HttpServletResponse" destClass="java.lang.StringBuilder" destMethod="append String" adviceType="JAVACALLSTRINGRETURN" requestCounter="1" requestURI="random URI" requestRemoteAddr="random remoteaddress" callerContextCounter="28" calledContextCounter="56432"></location><taintedObject taintID="361012005:id:4 [1750899688]" type="java.lang.StringBuilder" objectID="1750899688" value="User id       :1001855&lt;br&gt;" taintRecord="TARGETCOLUMN: id CATALOG: rubis TABLE: users COLUMN: id CATALOG: rubis TABLE: users COLUMN: creation_date "></taintedObject><callingObject taintID="" type="edu.rice.rubis.servlets.RegisterUser" objectID="748968642"></callingObject><calledObject taintID="361012005:id:4 [1750899688]" type="java.lang.StringBuilder" objectID="1750899688" taintRecord="TARGETCOLUMN: id CATALOG: rubis TABLE: users COLUMN: id CATALOG: rubis TABLE: users COLUMN: creation_date "></calledObject></taintlog>
<taintlog type="PROPAGATION"><location srcClass="edu.rice.rubis.servlets.RegisterUser" srcMethod="doGet HttpServletRequest HttpServletResponse" destClass="java.lang.StringBuilder" destMethod="toString" adviceType="STRINGPROPNOMOD" requestCounter="1" requestURI="random URI" requestRemoteAddr="random remoteaddress" callerContextCounter="28" calledContextCounter="56433"></location><sourceObject taintID="361012005:id:4 [1750899688]" type="java.lang.StringBuilder" objectID="1750899688" value="User id       :1001855&lt;br&gt;" taintRecord="TARGETCOLUMN: id CATALOG: rubis TABLE: users COLUMN: id CATALOG: rubis TABLE: users COLUMN: creation_date "></sourceObject><destObject taintID="361012005:id:4 [472617928]" type="java.lang.String" objectID="472617928" value="User id       :1001855&lt;br&gt;" taintRecord="TARGETCOLUMN: id CATALOG: rubis TABLE: users COLUMN: id CATALOG: rubis TABLE: users COLUMN: creation_date "></destObject><taintedObject taintID="361012005:id:4 [472617928]" type="java.lang.String" objectID="472617928" value="User id       :1001855&lt;br&gt;" taintRecord="TARGETCOLUMN: id CATALOG: rubis TABLE: users COLUMN: id CATALOG: rubis TABLE: users COLUMN: creation_date "></taintedObject></taintlog>
<taintlog type="RETURNING" executionTime="0"><location srcClass="edu.rice.rubis.servlets.RegisterUser" srcMethod="doGet HttpServletRequest HttpServletResponse" destClass="java.lang.StringBuilder" destMethod="toString" adviceType="JAVACALLSTRINGRETURN" requestCounter="1" requestURI="random URI" requestRemoteAddr="random remoteaddress" callerContextCounter="28" calledContextCounter="56433"></location><taintedObject taintID="361012005:id:4 [472617928]" type="java.lang.String" objectID="472617928" value="User id       :1001855&lt;br&gt;" taintRecord="TARGETCOLUMN: id CATALOG: rubis TABLE: users COLUMN: id CATALOG: rubis TABLE: users COLUMN: creation_date "></taintedObject><callingObject taintID="" type="edu.rice.rubis.servlets.RegisterUser" objectID="748968642"></callingObject><calledObject taintID="361012005:id:4 [1750899688]" type="java.lang.StringBuilder" objectID="1750899688" taintRecord="TARGETCOLUMN: id CATALOG: rubis TABLE: users COLUMN: id CATALOG: rubis TABLE: users COLUMN: creation_date "></calledObject></taintlog>
<taintlog type="CALLING"><location srcClass="edu.rice.rubis.servlets.RegisterUser" srcMethod="doGet HttpServletRequest HttpServletResponse" destClass="edu.rice.rubis.servlets.ServletPrinter" destMethod="printHTML String" adviceType="REGULAREXECUTE" requestCounter="1" requestURI="random URI" requestRemoteAddr="random remoteaddress" callerContextCounter="28" calledContextCounter="56434"></location><taintedObject taintID="361012005:id:4 [472617928]" type="java.lang.String" objectID="472617928" value="User id       :1001855&lt;br&gt;" taintRecord="TARGETCOLUMN: id CATALOG: rubis TABLE: users COLUMN: id CATALOG: rubis TABLE: users COLUMN: creation_date "></taintedObject><callingObject taintID="" type="edu.rice.rubis.servlets.RegisterUser" objectID="748968642"></callingObject><calledObject taintID="" type="edu.rice.rubis.servlets.ServletPrinter" objectID="1709881962"></calledObject></taintlog>
<taintlog type="CALLING"><location srcClass="edu.rice.rubis.servlets.ServletPrinter" srcMethod="printHTML String" destClass="java.io.PrintWriter" destMethod="println String" adviceType="JAVACALL" requestCounter="1" requestURI="random URI" requestRemoteAddr="random remoteaddress" callerContextCounter="56434" calledContextCounter="56435"></location><taintedObject taintID="361012005:id:4 [472617928]" type="java.lang.String" objectID="472617928" value="User id       :1001855&lt;br&gt;" taintRecord="TARGETCOLUMN: id CATALOG: rubis TABLE: users COLUMN: id CATALOG: rubis TABLE: users COLUMN: creation_date "></taintedObject><callingObject taintID="" type="edu.rice.rubis.servlets.ServletPrinter" objectID="1709881962"></callingObject><calledObject taintID="" type="org.apache.catalina.connector.CoyoteWriter" objectID="374277345"></calledObject></taintlog>
<taintlog type="CALLING"><location srcClass="edu.rice.rubis.servlets.RegisterUser" srcMethod="doGet HttpServletRequest HttpServletResponse" destClass="edu.rice.rubis.servlets.ServletPrinter" destMethod="printHTML String" adviceType="REGULARPOSTARG" requestCounter="1" requestURI="random URI" requestRemoteAddr="random remoteaddress" callerContextCounter="28" calledContextCounter="56434"></location><taintedObject taintID="361012005:id:4 [472617928]" type="java.lang.String" objectID="472617928" value="User id       :1001855&lt;br&gt;" taintRecord="TARGETCOLUMN: id CATALOG: rubis TABLE: users COLUMN: id CATALOG: rubis TABLE: users COLUMN: creation_date "></taintedObject><callingObject taintID="" type="edu.rice.rubis.servlets.RegisterUser" objectID="748968642"></callingObject><calledObject taintID="" type="edu.rice.rubis.servlets.ServletPrinter" objectID="1709881962"></calledObject></taintlog>
<taintlog type="CALLING"><location srcClass="edu.rice.rubis.servlets.RegisterUser" srcMethod="doGet HttpServletRequest HttpServletResponse" destClass="java.lang.StringBuilder" destMethod="append String" adviceType="JAVACALL" requestCounter="1" requestURI="random URI" requestRemoteAddr="random remoteaddress" callerContextCounter="28" calledContextCounter="56437"></location><taintedObject taintID="361012005:creation_date:5 [1929694856]" type="java.lang.String" objectID="1929694856" value="2013-02-20 18:00:12" taintRecord="TARGETCOLUMN: creation_date CATALOG: rubis TABLE: users COLUMN: id CATALOG: rubis TABLE: users COLUMN: creation_date "></taintedObject><callingObject taintID="" type="edu.rice.rubis.servlets.RegisterUser" objectID="748968642"></callingObject><calledObject taintID="" type="java.lang.StringBuilder" objectID="1902512020"></calledObject></taintlog>
<taintlog type="MODIFICATION"><location srcClass="edu.rice.rubis.servlets.RegisterUser" srcMethod="doGet HttpServletRequest HttpServletResponse" destClass="java.lang.StringBuilder" destMethod="append String" adviceType="STRINGMODARGS" requestCounter="1" requestURI="random URI" requestRemoteAddr="random remoteaddress" callerContextCounter="28" calledContextCounter="56437"></location><targetObject taintID="361012005:creation_date:5 [1929694856]" type="java.lang.String" objectID="1929694856" value="2013-02-20 18:00:12" taintRecord="TARGETCOLUMN: creation_date CATALOG: rubis TABLE: users COLUMN: id CATALOG: rubis TABLE: users COLUMN: creation_date "></targetObject></taintlog>
<taintlog type="PROPAGATION"><location srcClass="edu.rice.rubis.servlets.RegisterUser" srcMethod="doGet HttpServletRequest HttpServletResponse" destClass="java.lang.StringBuilder" destMethod="append String" adviceType="STRINGPROPTHISA" requestCounter="1" requestURI="random URI" requestRemoteAddr="random remoteaddress" callerContextCounter="28" calledContextCounter="56437"></location><sourceObject taintID="361012005:creation_date:5 [1929694856]" type="java.lang.String" objectID="1929694856" value="2013-02-20 18:00:12" taintRecord="TARGETCOLUMN: creation_date CATALOG: rubis TABLE: users COLUMN: id CATALOG: rubis TABLE: users COLUMN: creation_date "></sourceObject><destObject taintID="361012005:creation_date:5 [1902512020]" type="java.lang.StringBuilder" objectID="1902512020" value="Creation date :2013-02-20 18:00:12" taintRecord="TARGETCOLUMN: creation_date CATALOG: rubis TABLE: users COLUMN: id CATALOG: rubis TABLE: users COLUMN: creation_date "></destObject><taintedObject taintID="361012005:creation_date:5 [1902512020]" type="java.lang.StringBuilder" objectID="1902512020" value="Creation date :2013-02-20 18:00:12" taintRecord="TARGETCOLUMN: creation_date CATALOG: rubis TABLE: users COLUMN: id CATALOG: rubis TABLE: users COLUMN: creation_date "></taintedObject></taintlog>
<taintlog type="MODIFICATION"><location srcClass="edu.rice.rubis.servlets.RegisterUser" srcMethod="doGet HttpServletRequest HttpServletResponse" destClass="java.lang.StringBuilder" destMethod="append String" adviceType="STRINGMODTHIS" requestCounter="1" requestURI="random URI" requestRemoteAddr="random remoteaddress" callerContextCounter="28" calledContextCounter="56437"></location><targetObject taintID="361012005:creation_date:5 [1902512020]" type="java.lang.StringBuilder" objectID="1902512020" value="Creation date :2013-02-20 18:00:12" taintRecord="TARGETCOLUMN: creation_date CATALOG: rubis TABLE: users COLUMN: id CATALOG: rubis TABLE: users COLUMN: creation_date "></targetObject></taintlog>
<taintlog type="RETURNING" executionTime="0"><location srcClass="edu.rice.rubis.servlets.RegisterUser" srcMethod="doGet HttpServletRequest HttpServletResponse" destClass="java.lang.StringBuilder" destMethod="append String" adviceType="JAVACALLSTRINGRETURN" requestCounter="1" requestURI="random URI" requestRemoteAddr="random remoteaddress" callerContextCounter="28" calledContextCounter="56437"></location><taintedObject taintID="361012005:creation_date:5 [1902512020]" type="java.lang.StringBuilder" objectID="1902512020" value="Creation date :2013-02-20 18:00:12" taintRecord="TARGETCOLUMN: creation_date CATALOG: rubis TABLE: users COLUMN: id CATALOG: rubis TABLE: users COLUMN: creation_date "></taintedObject><callingObject taintID="" type="edu.rice.rubis.servlets.RegisterUser" objectID="748968642"></callingObject><calledObject taintID="361012005:creation_date:5 [1902512020]" type="java.lang.StringBuilder" objectID="1902512020" taintRecord="TARGETCOLUMN: creation_date CATALOG: rubis TABLE: users COLUMN: id CATALOG: rubis TABLE: users COLUMN: creation_date "></calledObject></taintlog>
<taintlog type="MODIFICATION"><location srcClass="edu.rice.rubis.servlets.RegisterUser" srcMethod="doGet HttpServletRequest HttpServletResponse" destClass="java.lang.StringBuilder" destMethod="append String" adviceType="STRINGMODTHIS" requestCounter="1" requestURI="random URI" requestRemoteAddr="random remoteaddress" callerContextCounter="28" calledContextCounter="56438"></location><targetObject taintID="361012005:creation_date:5 [1902512020]" type="java.lang.StringBuilder" objectID="1902512020" value="Creation date :2013-02-20 18:00:12&lt;br&gt;" taintRecord="TARGETCOLUMN: creation_date CATALOG: rubis TABLE: users COLUMN: id CATALOG: rubis TABLE: users COLUMN: creation_date "></targetObject></taintlog>
<taintlog type="RETURNING" executionTime="0"><location srcClass="edu.rice.rubis.servlets.RegisterUser" srcMethod="doGet HttpServletRequest HttpServletResponse" destClass="java.lang.StringBuilder" destMethod="append String" adviceType="JAVACALLSTRINGRETURN" requestCounter="1" requestURI="random URI" requestRemoteAddr="random remoteaddress" callerContextCounter="28" calledContextCounter="56438"></location><taintedObject taintID="361012005:creation_date:5 [1902512020]" type="java.lang.StringBuilder" objectID="1902512020" value="Creation date :2013-02-20 18:00:12&lt;br&gt;" taintRecord="TARGETCOLUMN: creation_date CATALOG: rubis TABLE: users COLUMN: id CATALOG: rubis TABLE: users COLUMN: creation_date "></taintedObject><callingObject taintID="" type="edu.rice.rubis.servlets.RegisterUser" objectID="748968642"></callingObject><calledObject taintID="361012005:creation_date:5 [1902512020]" type="java.lang.StringBuilder" objectID="1902512020" taintRecord="TARGETCOLUMN: creation_date CATALOG: rubis TABLE: users COLUMN: id CATALOG: rubis TABLE: users COLUMN: creation_date "></calledObject></taintlog>
<taintlog type="PROPAGATION"><location srcClass="edu.rice.rubis.servlets.RegisterUser" srcMethod="doGet HttpServletRequest HttpServletResponse" destClass="java.lang.StringBuilder" destMethod="toString" adviceType="STRINGPROPNOMOD" requestCounter="1" requestURI="random URI" requestRemoteAddr="random remoteaddress" callerContextCounter="28" calledContextCounter="56439"></location><sourceObject taintID="361012005:creation_date:5 [1902512020]" type="java.lang.StringBuilder" objectID="1902512020" value="Creation date :2013-02-20 18:00:12&lt;br&gt;" taintRecord="TARGETCOLUMN: creation_date CATALOG: rubis TABLE: users COLUMN: id CATALOG: rubis TABLE: users COLUMN: creation_date "></sourceObject><destObject taintID="361012005:creation_date:5 [1635499957]" type="java.lang.String" objectID="1635499957" value="Creation date :2013-02-20 18:00:12&lt;br&gt;" taintRecord="TARGETCOLUMN: creation_date CATALOG: rubis TABLE: users COLUMN: id CATALOG: rubis TABLE: users COLUMN: creation_date "></destObject><taintedObject taintID="361012005:creation_date:5 [1635499957]" type="java.lang.String" objectID="1635499957" value="Creation date :2013-02-20 18:00:12&lt;br&gt;" taintRecord="TARGETCOLUMN: creation_date CATALOG: rubis TABLE: users COLUMN: id CATALOG: rubis TABLE: users COLUMN: creation_date "></taintedObject></taintlog>
<taintlog type="RETURNING" executionTime="1"><location srcClass="edu.rice.rubis.servlets.RegisterUser" srcMethod="doGet HttpServletRequest HttpServletResponse" destClass="java.lang.StringBuilder" destMethod="toString" adviceType="JAVACALLSTRINGRETURN" requestCounter="1" requestURI="random URI" requestRemoteAddr="random remoteaddress" callerContextCounter="28" calledContextCounter="56439"></location><taintedObject taintID="361012005:creation_date:5 [1635499957]" type="java.lang.String" objectID="1635499957" value="Creation date :2013-02-20 18:00:12&lt;br&gt;" taintRecord="TARGETCOLUMN: creation_date CATALOG: rubis TABLE: users COLUMN: id CATALOG: rubis TABLE: users COLUMN: creation_date "></taintedObject><callingObject taintID="" type="edu.rice.rubis.servlets.RegisterUser" objectID="748968642"></callingObject><calledObject taintID="361012005:creation_date:5 [1902512020]" type="java.lang.StringBuilder" objectID="1902512020" taintRecord="TARGETCOLUMN: creation_date CATALOG: rubis TABLE: users COLUMN: id CATALOG: rubis TABLE: users COLUMN: creation_date "></calledObject></taintlog>
<taintlog type="CALLING"><location srcClass="edu.rice.rubis.servlets.RegisterUser" srcMethod="doGet HttpServletRequest HttpServletResponse" destClass="edu.rice.rubis.servlets.ServletPrinter" destMethod="printHTML String" adviceType="REGULAREXECUTE" requestCounter="1" requestURI="random URI" requestRemoteAddr="random remoteaddress" callerContextCounter="28" calledContextCounter="56440"></location><taintedObject taintID="361012005:creation_date:5 [1635499957]" type="java.lang.String" objectID="1635499957" value="Creation date :2013-02-20 18:00:12&lt;br&gt;" taintRecord="TARGETCOLUMN: creation_date CATALOG: rubis TABLE: users COLUMN: id CATALOG: rubis TABLE: users COLUMN: creation_date "></taintedObject><callingObject taintID="" type="edu.rice.rubis.servlets.RegisterUser" objectID="748968642"></callingObject><calledObject taintID="" type="edu.rice.rubis.servlets.ServletPrinter" objectID="1709881962"></calledObject></taintlog>
<taintlog type="CALLING"><location srcClass="edu.rice.rubis.servlets.ServletPrinter" srcMethod="printHTML String" destClass="java.io.PrintWriter" destMethod="println String" adviceType="JAVACALL" requestCounter="1" requestURI="random URI" requestRemoteAddr="random remoteaddress" callerContextCounter="56440" calledContextCounter="56441"></location><taintedObject taintID="361012005:creation_date:5 [1635499957]" type="java.lang.String" objectID="1635499957" value="Creation date :2013-02-20 18:00:12&lt;br&gt;" taintRecord="TARGETCOLUMN: creation_date CATALOG: rubis TABLE: users COLUMN: id CATALOG: rubis TABLE: users COLUMN: creation_date "></taintedObject><callingObject taintID="" type="edu.rice.rubis.servlets.ServletPrinter" objectID="1709881962"></callingObject><calledObject taintID="" type="org.apache.catalina.connector.CoyoteWriter" objectID="374277345"></calledObject></taintlog>
<taintlog type="CALLING"><location srcClass="edu.rice.rubis.servlets.RegisterUser" srcMethod="doGet HttpServletRequest HttpServletResponse" destClass="edu.rice.rubis.servlets.ServletPrinter" destMethod="printHTML String" adviceType="REGULARPOSTARG" requestCounter="1" requestURI="random URI" requestRemoteAddr="random remoteaddress" callerContextCounter="28" calledContextCounter="56440"></location><taintedObject taintID="361012005:creation_date:5 [1635499957]" type="java.lang.String" objectID="1635499957" value="Creation date :2013-02-20 18:00:12&lt;br&gt;" taintRecord="TARGETCOLUMN: creation_date CATALOG: rubis TABLE: users COLUMN: id CATALOG: rubis TABLE: users COLUMN: creation_date "></taintedObject><callingObject taintID="" type="edu.rice.rubis.servlets.RegisterUser" objectID="748968642"></callingObject><calledObject taintID="" type="edu.rice.rubis.servlets.ServletPrinter" objectID="1709881962"></calledObject></taintlog>
<taintlog type="FIELDGET"><location srcClass="com.mysql.jdbc.PreparedStatement" srcMethod="close" destClass="com.mysql.jdbc.Statement" destMethod="close" adviceType="NORMAL" requestCounter="1" requestURI="random URI" requestRemoteAddr="random remoteaddress" callerContextCounter="56456" calledContextCounter="56457"></location><taintedObject taintID="361012005:3 [362985857]" type="com.mysql.jdbc.ResultSet" objectID="362985857" value="com.mysql.jdbc.ResultSet@15a2b981" taintRecord="CATALOG: rubis TABLE: users COLUMN: id CATALOG: rubis TABLE: users COLUMN: creation_date "></taintedObject><field targetClass="com.mysql.jdbc.Statement" targetField="results"></field><callingObject taintID="" type="com.mysql.jdbc.PreparedStatement" objectID="1075378575"></callingObject><calledObject taintID="" type="com.mysql.jdbc.PreparedStatement" objectID="1075378575"></calledObject></taintlog>
<taintlog type="FIELDGET"><location srcClass="com.mysql.jdbc.PreparedStatement" srcMethod="close" destClass="com.mysql.jdbc.Statement" destMethod="close" adviceType="NORMAL" requestCounter="1" requestURI="random URI" requestRemoteAddr="random remoteaddress" callerContextCounter="56456" calledContextCounter="56457"></location><taintedObject taintID="361012005:3 [362985857]" type="com.mysql.jdbc.ResultSet" objectID="362985857" value="com.mysql.jdbc.ResultSet@15a2b981" taintRecord="CATALOG: rubis TABLE: users COLUMN: id CATALOG: rubis TABLE: users COLUMN: creation_date "></taintedObject><field targetClass="com.mysql.jdbc.Statement" targetField="results"></field><callingObject taintID="" type="com.mysql.jdbc.PreparedStatement" objectID="1075378575"></callingObject><calledObject taintID="" type="com.mysql.jdbc.PreparedStatement" objectID="1075378575"></calledObject></taintlog>
</root>
