<root>
<taintlog type="RETURNING" executionTime="101"><location srcClass="edu.rice.rubis.servlets.StoreBid" srcMethod="doPost HttpServletRequest HttpServletResponse" destClass="java.sql.PreparedStatement" destMethod="executeQuery" adviceType="JAVACALLSTRINGRETURN" requestCounter="1" requestURI="random URI" requestRemoteAddr="random remoteaddress" callerContextCounter="27" calledContextCounter="54660"></location><taintedObject taintID="1405414653:0 [1421641112]" type="com.mysql.jdbc.ResultSet" objectID="1421641112" value="com.mysql.jdbc.ResultSet@54bc8598" taintRecord="CATALOG: rubis TABLE: items COLUMN: nb_of_bids CATALOG: rubis TABLE: items COLUMN: max_bid "></taintedObject><callingObject taintID="" type="edu.rice.rubis.servlets.StoreBid" objectID="653584821"></callingObject><calledObject taintID="" type="com.mysql.jdbc.PreparedStatement" objectID="1988376358"></calledObject></taintlog>
<taintlog type="RETURNINGINPUT"><location srcClass="com.mysql.jdbc.ResultSet" srcMethod="getFloat int" destClass="com.mysql.jdbc.ResultSet" destMethod="getString int" adviceType="DBCP" requestCounter="1" requestURI="random URI" requestRemoteAddr="random remoteaddress" callerContextCounter="55153" calledContextCounter="55162"></location><taintedObject taintID="1405414653:max_bid:1 [1868974378]" type="java.lang.String" objectID="1868974378" value="0" taintRecord="TARGETCOLUMN: max_bid CATALOG: rubis TABLE: items COLUMN: nb_of_bids CATALOG: rubis TABLE: items COLUMN: max_bid "></taintedObject><callingObject taintID="1405414653:0 [1421641112]" type="com.mysql.jdbc.ResultSet" objectID="1421641112" taintRecord="CATALOG: rubis TABLE: items COLUMN: nb_of_bids CATALOG: rubis TABLE: items COLUMN: max_bid "></callingObject><calledObject taintID="1405414653:0 [1421641112]" type="com.mysql.jdbc.ResultSet" objectID="1421641112" taintRecord="CATALOG: rubis TABLE: items COLUMN: nb_of_bids CATALOG: rubis TABLE: items COLUMN: max_bid "></calledObject></taintlog>
<taintlog type="RETURNING" executionTime="32"><location srcClass="com.mysql.jdbc.ResultSet" srcMethod="getFloat int" destClass="com.mysql.jdbc.ResultSet" destMethod="getString int" adviceType="JAVACALLSTRINGRETURN" requestCounter="1" requestURI="random URI" requestRemoteAddr="random remoteaddress" callerContextCounter="55153" calledContextCounter="55162"></location><taintedObject taintID="1405414653:max_bid:1 [1868974378]" type="java.lang.String" objectID="1868974378" value="0" taintRecord="TARGETCOLUMN: max_bid CATALOG: rubis TABLE: items COLUMN: nb_of_bids CATALOG: rubis TABLE: items COLUMN: max_bid "></taintedObject><callingObject taintID="1405414653:0 [1421641112]" type="com.mysql.jdbc.ResultSet" objectID="1421641112" taintRecord="CATALOG: rubis TABLE: items COLUMN: nb_of_bids CATALOG: rubis TABLE: items COLUMN: max_bid "></callingObject><calledObject taintID="1405414653:0 [1421641112]" type="com.mysql.jdbc.ResultSet" objectID="1421641112" taintRecord="CATALOG: rubis TABLE: items COLUMN: nb_of_bids CATALOG: rubis TABLE: items COLUMN: max_bid "></calledObject></taintlog>
<taintlog type="CALLING"><location srcClass="com.mysql.jdbc.ResultSet" srcMethod="getFloat int" destClass="java.lang.Float" destMethod="parseFloat String" adviceType="JAVACALL" requestCounter="1" requestURI="random URI" requestRemoteAddr="random remoteaddress" callerContextCounter="55153" calledContextCounter="55221"></location><taintedObject taintID="1405414653:max_bid:1 [1868974378]" type="java.lang.String" objectID="1868974378" value="0" taintRecord="TARGETCOLUMN: max_bid CATALOG: rubis TABLE: items COLUMN: nb_of_bids CATALOG: rubis TABLE: items COLUMN: max_bid "></taintedObject><callingObject taintID="1405414653:0 [1421641112]" type="com.mysql.jdbc.ResultSet" objectID="1421641112" taintRecord="CATALOG: rubis TABLE: items COLUMN: nb_of_bids CATALOG: rubis TABLE: items COLUMN: max_bid "></callingObject></taintlog>
<taintlog type="FUZZYPROPAGATION"><location srcClass="com.mysql.jdbc.ResultSet" srcMethod="getFloat int" destClass="java.lang.Float" destMethod="parseFloat String" adviceType="FUZZYPROP" requestCounter="1" requestURI="random URI" requestRemoteAddr="random remoteaddress" callerContextCounter="55153" calledContextCounter="55221"></location><taintedObject taintID="1405414653:max_bid:1 [1868974378]" type="java.lang.String" objectID="1868974378" value="0" taintRecord="TARGETCOLUMN: max_bid CATALOG: rubis TABLE: items COLUMN: nb_of_bids CATALOG: rubis TABLE: items COLUMN: max_bid "></taintedObject><destObject taintID="" type="java.lang.Float" objectID="2112780453" value="0.0"></destObject></taintlog>
<taintlog type="PROPAGATION"><location srcClass="com.mysql.jdbc.ResultSet" srcMethod="getFloat int" destClass="java.lang.Float" destMethod="parseFloat String" adviceType="FUZZY" requestCounter="1" requestURI="random URI" requestRemoteAddr="random remoteaddress" callerContextCounter="55153" calledContextCounter="55221"></location><sourceObject taintID="1405414653:max_bid:1 [1868974378]" type="java.lang.String" objectID="1868974378" value="0" taintRecord="TARGETCOLUMN: max_bid CATALOG: rubis TABLE: items COLUMN: nb_of_bids CATALOG: rubis TABLE: items COLUMN: max_bid "></sourceObject><destObject taintID="" type="java.lang.Float" objectID="2112780453" value="0.0"></destObject><taintedObject taintID="" type="java.lang.Float" objectID="2112780453" value="0.0"></taintedObject></taintlog>
<taintlog type="FIELDGET"><location srcClass="com.mysql.jdbc.PreparedStatement" srcMethod="close" destClass="com.mysql.jdbc.Statement" destMethod="close" adviceType="NORMAL" requestCounter="1" requestURI="random URI" requestRemoteAddr="random remoteaddress" callerContextCounter="55660" calledContextCounter="55661"></location><taintedObject taintID="1405414653:0 [1421641112]" type="com.mysql.jdbc.ResultSet" objectID="1421641112" value="com.mysql.jdbc.ResultSet@54bc8598" taintRecord="CATALOG: rubis TABLE: items COLUMN: nb_of_bids CATALOG: rubis TABLE: items COLUMN: max_bid "></taintedObject><field targetClass="com.mysql.jdbc.Statement" targetField="results"></field><callingObject taintID="" type="com.mysql.jdbc.PreparedStatement" objectID="1988376358"></callingObject><calledObject taintID="" type="com.mysql.jdbc.PreparedStatement" objectID="1988376358"></calledObject></taintlog>
<taintlog type="FIELDGET"><location srcClass="com.mysql.jdbc.PreparedStatement" srcMethod="close" destClass="com.mysql.jdbc.Statement" destMethod="close" adviceType="NORMAL" requestCounter="1" requestURI="random URI" requestRemoteAddr="random remoteaddress" callerContextCounter="55660" calledContextCounter="55661"></location><taintedObject taintID="1405414653:0 [1421641112]" type="com.mysql.jdbc.ResultSet" objectID="1421641112" value="com.mysql.jdbc.ResultSet@54bc8598" taintRecord="CATALOG: rubis TABLE: items COLUMN: nb_of_bids CATALOG: rubis TABLE: items COLUMN: max_bid "></taintedObject><field targetClass="com.mysql.jdbc.Statement" targetField="results"></field><callingObject taintID="" type="com.mysql.jdbc.PreparedStatement" objectID="1988376358"></callingObject><calledObject taintID="" type="com.mysql.jdbc.PreparedStatement" objectID="1988376358"></calledObject></taintlog>
</root>
