<root>
<taintlog type="RETURNING" executionTime="62"><location srcClass="edu.rice.rubis.servlets.RegisterUser" srcMethod="doGet HttpServletRequest HttpServletResponse" destClass="java.sql.PreparedStatement" destMethod="executeQuery" adviceType="JAVACALLSTRINGRETURN" requestCounter="1" requestURI="random URI" requestRemoteAddr="random remoteaddress" callerContextCounter="28" calledContextCounter="54113"></location><taintedObject taintID="2122488843:0 [13908841]" type="com.mysql.jdbc.ResultSet" objectID="13908841" value="com.mysql.jdbc.ResultSet@d43b69" taintRecord="CATALOG: rubis TABLE: regions COLUMN: id "></taintedObject><callingObject taintID="" type="edu.rice.rubis.servlets.RegisterUser" objectID="1761586552"></callingObject><calledObject taintID="" type="com.mysql.jdbc.PreparedStatement" objectID="2131572582"></calledObject></taintlog>
<taintlog type="RETURNINGINPUT"><location srcClass="com.mysql.jdbc.ResultSet" srcMethod="getInt String" destClass="com.mysql.jdbc.ResultSet" destMethod="getInt int" adviceType="DBCPINT" requestCounter="1" requestURI="random URI" requestRemoteAddr="random remoteaddress" callerContextCounter="54356" calledContextCounter="54386"></location><taintedObject taintID="2122488843:id:1 [1125386446]" type="java.lang.Integer" objectID="1641618033" value="1125386446" taintRecord="TARGETCOLUMN: id CATALOG: rubis TABLE: regions COLUMN: id "></taintedObject><callingObject taintID="2122488843:0 [13908841]" type="com.mysql.jdbc.ResultSet" objectID="13908841" taintRecord="CATALOG: rubis TABLE: regions COLUMN: id "></callingObject><calledObject taintID="2122488843:0 [13908841]" type="com.mysql.jdbc.ResultSet" objectID="13908841" taintRecord="CATALOG: rubis TABLE: regions COLUMN: id "></calledObject></taintlog>
<taintlog type="RETURNING" executionTime="43"><location srcClass="com.mysql.jdbc.ResultSet" srcMethod="getInt String" destClass="com.mysql.jdbc.ResultSet" destMethod="getInt int" adviceType="JAVACALLSTRINGRETURN" requestCounter="1" requestURI="random URI" requestRemoteAddr="random remoteaddress" callerContextCounter="54356" calledContextCounter="54386"></location><taintedObject taintID="2122488843:id:1 [1125386446]" type="java.lang.Integer" objectID="1951867622" value="1125386446" taintRecord="TARGETCOLUMN: id CATALOG: rubis TABLE: regions COLUMN: id "></taintedObject><callingObject taintID="2122488843:0 [13908841]" type="com.mysql.jdbc.ResultSet" objectID="13908841" taintRecord="CATALOG: rubis TABLE: regions COLUMN: id "></callingObject><calledObject taintID="2122488843:0 [13908841]" type="com.mysql.jdbc.ResultSet" objectID="13908841" taintRecord="CATALOG: rubis TABLE: regions COLUMN: id "></calledObject></taintlog>
<taintlog type="RETURNING" executionTime="48"><location srcClass="java.sql.ResultSet" srcMethod="getInt String" destClass="com.mysql.jdbc.ResultSet" destMethod="getInt String" adviceType="EXECUTESTRINGRETURN" requestCounter="1" requestURI="random URI" requestRemoteAddr="random remoteaddress" callerContextCounter="54355" calledContextCounter="54356"></location><taintedObject taintID="2122488843:id:1 [1125386446]" type="java.lang.Integer" objectID="78931382" value="1125386446" taintRecord="TARGETCOLUMN: id CATALOG: rubis TABLE: regions COLUMN: id "></taintedObject><callingObject taintID="2122488843:0 [13908841]" type="com.mysql.jdbc.ResultSet" objectID="13908841" taintRecord="CATALOG: rubis TABLE: regions COLUMN: id "></callingObject><calledObject taintID="2122488843:0 [13908841]" type="com.mysql.jdbc.ResultSet" objectID="13908841" taintRecord="CATALOG: rubis TABLE: regions COLUMN: id "></calledObject></taintlog>
<taintlog type="RETURNINGINPUT"><location srcClass="edu.rice.rubis.servlets.RegisterUser" srcMethod="doGet HttpServletRequest HttpServletResponse" destClass="java.sql.ResultSet" destMethod="getInt String" adviceType="DBCPINT" requestCounter="1" requestURI="random URI" requestRemoteAddr="random remoteaddress" callerContextCounter="28" calledContextCounter="54355"></location><taintedObject taintID="2122488843:id:1 [1125386446]" type="java.lang.Integer" objectID="1996239378" value="1125386446" taintRecord="TARGETCOLUMN: id CATALOG: rubis TABLE: regions COLUMN: id "></taintedObject><callingObject taintID="" type="edu.rice.rubis.servlets.RegisterUser" objectID="1761586552"></callingObject><calledObject taintID="2122488843:0 [13908841]" type="com.mysql.jdbc.ResultSet" objectID="13908841" taintRecord="CATALOG: rubis TABLE: regions COLUMN: id "></calledObject></taintlog>
<taintlog type="RETURNING" executionTime="97"><location srcClass="edu.rice.rubis.servlets.RegisterUser" srcMethod="doGet HttpServletRequest HttpServletResponse" destClass="java.sql.ResultSet" destMethod="getInt String" adviceType="JAVACALLSTRINGRETURN" requestCounter="1" requestURI="random URI" requestRemoteAddr="random remoteaddress" callerContextCounter="28" calledContextCounter="54355"></location><taintedObject taintID="2122488843:id:1 [1125386446]" type="java.lang.Integer" objectID="658208965" value="1125386446" taintRecord="TARGETCOLUMN: id CATALOG: rubis TABLE: regions COLUMN: id "></taintedObject><callingObject taintID="" type="edu.rice.rubis.servlets.RegisterUser" objectID="1761586552"></callingObject><calledObject taintID="2122488843:0 [13908841]" type="com.mysql.jdbc.ResultSet" objectID="13908841" taintRecord="CATALOG: rubis TABLE: regions COLUMN: id "></calledObject></taintlog>
<taintlog type="FIELDGET"><location srcClass="com.mysql.jdbc.PreparedStatement" srcMethod="close" destClass="com.mysql.jdbc.Statement" destMethod="close" adviceType="NORMAL" requestCounter="1" requestURI="random URI" requestRemoteAddr="random remoteaddress" callerContextCounter="54486" calledContextCounter="54487"></location><taintedObject taintID="2122488843:0 [13908841]" type="com.mysql.jdbc.ResultSet" objectID="13908841" value="com.mysql.jdbc.ResultSet@d43b69" taintRecord="CATALOG: rubis TABLE: regions COLUMN: id "></taintedObject><field targetClass="com.mysql.jdbc.Statement" targetField="results"></field><callingObject taintID="" type="com.mysql.jdbc.PreparedStatement" objectID="2131572582"></callingObject><calledObject taintID="" type="com.mysql.jdbc.PreparedStatement" objectID="2131572582"></calledObject></taintlog>
<taintlog type="FIELDGET"><location srcClass="com.mysql.jdbc.PreparedStatement" srcMethod="close" destClass="com.mysql.jdbc.Statement" destMethod="close" adviceType="NORMAL" requestCounter="1" requestURI="random URI" requestRemoteAddr="random remoteaddress" callerContextCounter="54486" calledContextCounter="54487"></location><taintedObject taintID="2122488843:0 [13908841]" type="com.mysql.jdbc.ResultSet" objectID="13908841" value="com.mysql.jdbc.ResultSet@d43b69" taintRecord="CATALOG: rubis TABLE: regions COLUMN: id "></taintedObject><field targetClass="com.mysql.jdbc.Statement" targetField="results"></field><callingObject taintID="" type="com.mysql.jdbc.PreparedStatement" objectID="2131572582"></callingObject><calledObject taintID="" type="com.mysql.jdbc.PreparedStatement" objectID="2131572582"></calledObject></taintlog>
<taintlog type="RETURNING" executionTime="56"><location srcClass="edu.rice.rubis.servlets.RegisterUser" srcMethod="doGet HttpServletRequest HttpServletResponse" destClass="java.sql.PreparedStatement" destMethod="executeQuery" adviceType="JAVACALLSTRINGRETURN" requestCounter="1" requestURI="random URI" requestRemoteAddr="random remoteaddress" callerContextCounter="28" calledContextCounter="54713"></location><taintedObject taintID="359279779:2 [438865980]" type="com.mysql.jdbc.ResultSet" objectID="438865980" value="com.mysql.jdbc.ResultSet@1a28903c" taintRecord="CATALOG: rubis TABLE: users COLUMN: nickname "></taintedObject><callingObject taintID="" type="edu.rice.rubis.servlets.RegisterUser" objectID="1761586552"></callingObject><calledObject taintID="" type="com.mysql.jdbc.PreparedStatement" objectID="189292099"></calledObject></taintlog>
<taintlog type="FIELDGET"><location srcClass="com.mysql.jdbc.PreparedStatement" srcMethod="close" destClass="com.mysql.jdbc.Statement" destMethod="close" adviceType="NORMAL" requestCounter="1" requestURI="random URI" requestRemoteAddr="random remoteaddress" callerContextCounter="54923" calledContextCounter="54924"></location><taintedObject taintID="359279779:2 [438865980]" type="com.mysql.jdbc.ResultSet" objectID="438865980" value="com.mysql.jdbc.ResultSet@1a28903c" taintRecord="CATALOG: rubis TABLE: users COLUMN: nickname "></taintedObject><field targetClass="com.mysql.jdbc.Statement" targetField="results"></field><callingObject taintID="" type="com.mysql.jdbc.PreparedStatement" objectID="189292099"></callingObject><calledObject taintID="" type="com.mysql.jdbc.PreparedStatement" objectID="189292099"></calledObject></taintlog>
<taintlog type="FIELDGET"><location srcClass="com.mysql.jdbc.PreparedStatement" srcMethod="close" destClass="com.mysql.jdbc.Statement" destMethod="close" adviceType="NORMAL" requestCounter="1" requestURI="random URI" requestRemoteAddr="random remoteaddress" callerContextCounter="54923" calledContextCounter="54924"></location><taintedObject taintID="359279779:2 [438865980]" type="com.mysql.jdbc.ResultSet" objectID="438865980" value="com.mysql.jdbc.ResultSet@1a28903c" taintRecord="CATALOG: rubis TABLE: users COLUMN: nickname "></taintedObject><field targetClass="com.mysql.jdbc.Statement" targetField="results"></field><callingObject taintID="" type="com.mysql.jdbc.PreparedStatement" objectID="189292099"></callingObject><calledObject taintID="" type="com.mysql.jdbc.PreparedStatement" objectID="189292099"></calledObject></taintlog>
<taintlog type="CALLING"><location srcClass="edu.rice.rubis.servlets.RegisterUser" srcMethod="doGet HttpServletRequest HttpServletResponse" destClass="java.lang.StringBuilder" destMethod="append int" adviceType="JAVACALL" requestCounter="1" requestURI="random URI" requestRemoteAddr="random remoteaddress" callerContextCounter="28" calledContextCounter="54972"></location><taintedObject taintID="2122488843:id:1 [1125386446]" type="java.lang.Integer" objectID="1976669170" value="1125386446" taintRecord="TARGETCOLUMN: id CATALOG: rubis TABLE: regions COLUMN: id "></taintedObject><callingObject taintID="" type="edu.rice.rubis.servlets.RegisterUser" objectID="1761586552"></callingObject><calledObject taintID="" type="java.lang.StringBuilder" objectID="171321008"></calledObject></taintlog>
<taintlog type="MODIFICATION"><location srcClass="edu.rice.rubis.servlets.RegisterUser" srcMethod="doGet HttpServletRequest HttpServletResponse" destClass="java.lang.StringBuilder" destMethod="append int" adviceType="STRINGMODARGS" requestCounter="1" requestURI="random URI" requestRemoteAddr="random remoteaddress" callerContextCounter="28" calledContextCounter="54972"></location><targetObject taintID="2122488843:id:1 [1125386446]" type="java.lang.Integer" objectID="1976669170" value="1125386446" taintRecord="TARGETCOLUMN: id CATALOG: rubis TABLE: regions COLUMN: id "></targetObject></taintlog>
<taintlog type="PROPAGATION"><location srcClass="edu.rice.rubis.servlets.RegisterUser" srcMethod="doGet HttpServletRequest HttpServletResponse" destClass="java.lang.StringBuilder" destMethod="append int" adviceType="STRINGPROPTHISA" requestCounter="1" requestURI="random URI" requestRemoteAddr="random remoteaddress" callerContextCounter="28" calledContextCounter="54972"></location><sourceObject taintID="2122488843:id:1 [1125386446]" type="java.lang.Integer" objectID="1976669170" value="1125386446" taintRecord="TARGETCOLUMN: id CATALOG: rubis TABLE: regions COLUMN: id "></sourceObject><destObject taintID="2122488843:id:1 [171321008]" type="java.lang.StringBuilder" objectID="171321008" value="INSERT INTO users VALUES (NULL, &quot;test10&quot;, &quot;test10&quot;, &quot;test10&quot;, &quot;test10&quot;, &quot;test10@fgiykutjdstr.com&quot;, 0, 0,&quot;2013-2-26 9:57:0&quot;, 1" taintRecord="TARGETCOLUMN: id CATALOG: rubis TABLE: regions COLUMN: id "></destObject><taintedObject taintID="2122488843:id:1 [171321008]" type="java.lang.StringBuilder" objectID="171321008" value="INSERT INTO users VALUES (NULL, &quot;test10&quot;, &quot;test10&quot;, &quot;test10&quot;, &quot;test10&quot;, &quot;test10@fgiykutjdstr.com&quot;, 0, 0,&quot;2013-2-26 9:57:0&quot;, 1" taintRecord="TARGETCOLUMN: id CATALOG: rubis TABLE: regions COLUMN: id "></taintedObject></taintlog>
<taintlog type="MODIFICATION"><location srcClass="edu.rice.rubis.servlets.RegisterUser" srcMethod="doGet HttpServletRequest HttpServletResponse" destClass="java.lang.StringBuilder" destMethod="append int" adviceType="STRINGMODTHIS" requestCounter="1" requestURI="random URI" requestRemoteAddr="random remoteaddress" callerContextCounter="28" calledContextCounter="54972"></location><targetObject taintID="2122488843:id:1 [171321008]" type="java.lang.StringBuilder" objectID="171321008" value="INSERT INTO users VALUES (NULL, &quot;test10&quot;, &quot;test10&quot;, &quot;test10&quot;, &quot;test10&quot;, &quot;test10@fgiykutjdstr.com&quot;, 0, 0,&quot;2013-2-26 9:57:0&quot;, 1" taintRecord="TARGETCOLUMN: id CATALOG: rubis TABLE: regions COLUMN: id "></targetObject></taintlog>
<taintlog type="RETURNING" executionTime="1"><location srcClass="edu.rice.rubis.servlets.RegisterUser" srcMethod="doGet HttpServletRequest HttpServletResponse" destClass="java.lang.StringBuilder" destMethod="append int" adviceType="JAVACALLSTRINGRETURN" requestCounter="1" requestURI="random URI" requestRemoteAddr="random remoteaddress" callerContextCounter="28" calledContextCounter="54972"></location><taintedObject taintID="2122488843:id:1 [171321008]" type="java.lang.StringBuilder" objectID="171321008" value="INSERT INTO users VALUES (NULL, &quot;test10&quot;, &quot;test10&quot;, &quot;test10&quot;, &quot;test10&quot;, &quot;test10@fgiykutjdstr.com&quot;, 0, 0,&quot;2013-2-26 9:57:0&quot;, 1" taintRecord="TARGETCOLUMN: id CATALOG: rubis TABLE: regions COLUMN: id "></taintedObject><callingObject taintID="" type="edu.rice.rubis.servlets.RegisterUser" objectID="1761586552"></callingObject><calledObject taintID="2122488843:id:1 [171321008]" type="java.lang.StringBuilder" objectID="171321008" taintRecord="TARGETCOLUMN: id CATALOG: rubis TABLE: regions COLUMN: id "></calledObject></taintlog>
<taintlog type="MODIFICATION"><location srcClass="edu.rice.rubis.servlets.RegisterUser" srcMethod="doGet HttpServletRequest HttpServletResponse" destClass="java.lang.StringBuilder" destMethod="append String" adviceType="STRINGMODTHIS" requestCounter="1" requestURI="random URI" requestRemoteAddr="random remoteaddress" callerContextCounter="28" calledContextCounter="54973"></location><targetObject taintID="2122488843:id:1 [171321008]" type="java.lang.StringBuilder" objectID="171321008" value="INSERT INTO users VALUES (NULL, &quot;test10&quot;, &quot;test10&quot;, &quot;test10&quot;, &quot;test10&quot;, &quot;test10@fgiykutjdstr.com&quot;, 0, 0,&quot;2013-2-26 9:57:0&quot;, 1)" taintRecord="TARGETCOLUMN: id CATALOG: rubis TABLE: regions COLUMN: id "></targetObject></taintlog>
<taintlog type="RETURNING" executionTime="1"><location srcClass="edu.rice.rubis.servlets.RegisterUser" srcMethod="doGet HttpServletRequest HttpServletResponse" destClass="java.lang.StringBuilder" destMethod="append String" adviceType="JAVACALLSTRINGRETURN" requestCounter="1" requestURI="random URI" requestRemoteAddr="random remoteaddress" callerContextCounter="28" calledContextCounter="54973"></location><taintedObject taintID="2122488843:id:1 [171321008]" type="java.lang.StringBuilder" objectID="171321008" value="INSERT INTO users VALUES (NULL, &quot;test10&quot;, &quot;test10&quot;, &quot;test10&quot;, &quot;test10&quot;, &quot;test10@fgiykutjdstr.com&quot;, 0, 0,&quot;2013-2-26 9:57:0&quot;, 1)" taintRecord="TARGETCOLUMN: id CATALOG: rubis TABLE: regions COLUMN: id "></taintedObject><callingObject taintID="" type="edu.rice.rubis.servlets.RegisterUser" objectID="1761586552"></callingObject><calledObject taintID="2122488843:id:1 [171321008]" type="java.lang.StringBuilder" objectID="171321008" taintRecord="TARGETCOLUMN: id CATALOG: rubis TABLE: regions COLUMN: id "></calledObject></taintlog>
<taintlog type="PROPAGATION"><location srcClass="edu.rice.rubis.servlets.RegisterUser" srcMethod="doGet HttpServletRequest HttpServletResponse" destClass="java.lang.StringBuilder" destMethod="toString" adviceType="STRINGPROPNOMOD" requestCounter="1" requestURI="random URI" requestRemoteAddr="random remoteaddress" callerContextCounter="28" calledContextCounter="54974"></location><sourceObject taintID="2122488843:id:1 [171321008]" type="java.lang.StringBuilder" objectID="171321008" value="INSERT INTO users VALUES (NULL, &quot;test10&quot;, &quot;test10&quot;, &quot;test10&quot;, &quot;test10&quot;, &quot;test10@fgiykutjdstr.com&quot;, 0, 0,&quot;2013-2-26 9:57:0&quot;, 1)" taintRecord="TARGETCOLUMN: id CATALOG: rubis TABLE: regions COLUMN: id "></sourceObject><destObject taintID="2122488843:id:1 [2101754016]" type="java.lang.String" objectID="2101754016" value="INSERT INTO users VALUES (NULL, &quot;test10&quot;, &quot;test10&quot;, &quot;test10&quot;, &quot;test10&quot;, &quot;test10@fgiykutjdstr.com&quot;, 0, 0,&quot;2013-2-26 9:57:0&quot;, 1)" taintRecord="TARGETCOLUMN: id CATALOG: rubis TABLE: regions COLUMN: id "></destObject><taintedObject taintID="2122488843:id:1 [2101754016]" type="java.lang.String" objectID="2101754016" value="INSERT INTO users VALUES (NULL, &quot;test10&quot;, &quot;test10&quot;, &quot;test10&quot;, &quot;test10&quot;, &quot;test10@fgiykutjdstr.com&quot;, 0, 0,&quot;2013-2-26 9:57:0&quot;, 1)" taintRecord="TARGETCOLUMN: id CATALOG: rubis TABLE: regions COLUMN: id "></taintedObject></taintlog>
<taintlog type="RETURNING" executionTime="0"><location srcClass="edu.rice.rubis.servlets.RegisterUser" srcMethod="doGet HttpServletRequest HttpServletResponse" destClass="java.lang.StringBuilder" destMethod="toString" adviceType="JAVACALLSTRINGRETURN" requestCounter="1" requestURI="random URI" requestRemoteAddr="random remoteaddress" callerContextCounter="28" calledContextCounter="54974"></location><taintedObject taintID="2122488843:id:1 [2101754016]" type="java.lang.String" objectID="2101754016" value="INSERT INTO users VALUES (NULL, &quot;test10&quot;, &quot;test10&quot;, &quot;test10&quot;, &quot;test10&quot;, &quot;test10@fgiykutjdstr.com&quot;, 0, 0,&quot;2013-2-26 9:57:0&quot;, 1)" taintRecord="TARGETCOLUMN: id CATALOG: rubis TABLE: regions COLUMN: id "></taintedObject><callingObject taintID="" type="edu.rice.rubis.servlets.RegisterUser" objectID="1761586552"></callingObject><calledObject taintID="2122488843:id:1 [171321008]" type="java.lang.StringBuilder" objectID="171321008" taintRecord="TARGETCOLUMN: id CATALOG: rubis TABLE: regions COLUMN: id "></calledObject></taintlog>
<taintlog type="CALLING"><location srcClass="edu.rice.rubis.servlets.RegisterUser" srcMethod="doGet HttpServletRequest HttpServletResponse" destClass="java.sql.Connection" destMethod="prepareStatement String" adviceType="JAVACALL" requestCounter="1" requestURI="random URI" requestRemoteAddr="random remoteaddress" callerContextCounter="28" calledContextCounter="54975"></location><taintedObject taintID="2122488843:id:1 [2101754016]" type="java.lang.String" objectID="2101754016" value="INSERT INTO users VALUES (NULL, &quot;test10&quot;, &quot;test10&quot;, &quot;test10&quot;, &quot;test10&quot;, &quot;test10@fgiykutjdstr.com&quot;, 0, 0,&quot;2013-2-26 9:57:0&quot;, 1)" taintRecord="TARGETCOLUMN: id CATALOG: rubis TABLE: regions COLUMN: id "></taintedObject><callingObject taintID="" type="edu.rice.rubis.servlets.RegisterUser" objectID="1761586552"></callingObject><calledObject taintID="" type="com.mysql.jdbc.Connection" objectID="1197352565"></calledObject></taintlog>
<taintlog type="CALLING"><location srcClass="java.sql.Connection" srcMethod="prepareStatement String" destClass="com.mysql.jdbc.Connection" destMethod="prepareStatement String" adviceType="REGULAREXECUTE" requestCounter="1" requestURI="random URI" requestRemoteAddr="random remoteaddress" callerContextCounter="54975" calledContextCounter="54976"></location><taintedObject taintID="2122488843:id:1 [2101754016]" type="java.lang.String" objectID="2101754016" value="INSERT INTO users VALUES (NULL, &quot;test10&quot;, &quot;test10&quot;, &quot;test10&quot;, &quot;test10&quot;, &quot;test10@fgiykutjdstr.com&quot;, 0, 0,&quot;2013-2-26 9:57:0&quot;, 1)" taintRecord="TARGETCOLUMN: id CATALOG: rubis TABLE: regions COLUMN: id "></taintedObject><callingObject taintID="" type="com.mysql.jdbc.Connection" objectID="1197352565"></callingObject><calledObject taintID="" type="com.mysql.jdbc.Connection" objectID="1197352565"></calledObject></taintlog>
<taintlog type="CALLING"><location srcClass="com.mysql.jdbc.Connection" srcMethod="prepareStatement String" destClass="com.mysql.jdbc.Connection" destMethod="prepareStatement String int int" adviceType="JAVACALL" requestCounter="1" requestURI="random URI" requestRemoteAddr="random remoteaddress" callerContextCounter="54976" calledContextCounter="54977"></location><taintedObject taintID="2122488843:id:1 [2101754016]" type="java.lang.String" objectID="2101754016" value="INSERT INTO users VALUES (NULL, &quot;test10&quot;, &quot;test10&quot;, &quot;test10&quot;, &quot;test10&quot;, &quot;test10@fgiykutjdstr.com&quot;, 0, 0,&quot;2013-2-26 9:57:0&quot;, 1)" taintRecord="TARGETCOLUMN: id CATALOG: rubis TABLE: regions COLUMN: id "></taintedObject><callingObject taintID="" type="com.mysql.jdbc.Connection" objectID="1197352565"></callingObject><calledObject taintID="" type="com.mysql.jdbc.Connection" objectID="1197352565"></calledObject></taintlog>
<taintlog type="CALLING"><location srcClass="com.mysql.jdbc.Connection" srcMethod="prepareStatement String int int" destClass="com.mysql.jdbc.Connection" destMethod="prepareStatement String int int" adviceType="REGULAREXECUTE" requestCounter="1" requestURI="random URI" requestRemoteAddr="random remoteaddress" callerContextCounter="54977" calledContextCounter="54978"></location><taintedObject taintID="2122488843:id:1 [2101754016]" type="java.lang.String" objectID="2101754016" value="INSERT INTO users VALUES (NULL, &quot;test10&quot;, &quot;test10&quot;, &quot;test10&quot;, &quot;test10&quot;, &quot;test10@fgiykutjdstr.com&quot;, 0, 0,&quot;2013-2-26 9:57:0&quot;, 1)" taintRecord="TARGETCOLUMN: id CATALOG: rubis TABLE: regions COLUMN: id "></taintedObject><callingObject taintID="" type="com.mysql.jdbc.Connection" objectID="1197352565"></callingObject><calledObject taintID="" type="com.mysql.jdbc.Connection" objectID="1197352565"></calledObject></taintlog>
<taintlog type="CALLING"><location srcClass="com.mysql.jdbc.Connection" srcMethod="prepareStatement String int int" destClass="com.mysql.jdbc.PreparedStatement" destMethod="&lt;init&gt; Connection String String" adviceType="REGULAREXECUTE" requestCounter="1" requestURI="random URI" requestRemoteAddr="random remoteaddress" callerContextCounter="54978" calledContextCounter="55002"></location><taintedObject taintID="2122488843:id:1 [2101754016]" type="java.lang.String" objectID="2101754016" value="INSERT INTO users VALUES (NULL, &quot;test10&quot;, &quot;test10&quot;, &quot;test10&quot;, &quot;test10&quot;, &quot;test10@fgiykutjdstr.com&quot;, 0, 0,&quot;2013-2-26 9:57:0&quot;, 1)" taintRecord="TARGETCOLUMN: id CATALOG: rubis TABLE: regions COLUMN: id "></taintedObject><callingObject taintID="" type="com.mysql.jdbc.Connection" objectID="1197352565"></callingObject><calledObject taintID="" type="com.mysql.jdbc.PreparedStatement" objectID="2144675380"></calledObject></taintlog>
<taintlog type="CALLING"><location srcClass="com.mysql.jdbc.PreparedStatement" srcMethod="&lt;init&gt; Connection String String" destClass="com.mysql.jdbc.PreparedStatement$ParseInfo" destMethod="&lt;init&gt; PreparedStatement String Connection DatabaseMetaData String SingleByteCharsetConverter" adviceType="REGULAREXECUTE" requestCounter="1" requestURI="random URI" requestRemoteAddr="random remoteaddress" callerContextCounter="55002" calledContextCounter="55016"></location><taintedObject taintID="2122488843:id:1 [2101754016]" type="java.lang.String" objectID="2101754016" value="INSERT INTO users VALUES (NULL, &quot;test10&quot;, &quot;test10&quot;, &quot;test10&quot;, &quot;test10&quot;, &quot;test10@fgiykutjdstr.com&quot;, 0, 0,&quot;2013-2-26 9:57:0&quot;, 1)" taintRecord="TARGETCOLUMN: id CATALOG: rubis TABLE: regions COLUMN: id "></taintedObject><callingObject taintID="" type="com.mysql.jdbc.PreparedStatement" objectID="2144675380"></callingObject><calledObject taintID="" type="com.mysql.jdbc.PreparedStatement$ParseInfo" objectID="1016038441"></calledObject></taintlog>
<taintlog type="CALLING"><location srcClass="com.mysql.jdbc.PreparedStatement" srcMethod="&lt;init&gt; Connection String String" destClass="com.mysql.jdbc.PreparedStatement$ParseInfo" destMethod="&lt;init&gt; PreparedStatement String Connection DatabaseMetaData String SingleByteCharsetConverter" adviceType="REGULARCONSPOSTARG" requestCounter="1" requestURI="random URI" requestRemoteAddr="random remoteaddress" callerContextCounter="55002" calledContextCounter="55016"></location><taintedObject taintID="2122488843:id:1 [2101754016]" type="java.lang.String" objectID="2101754016" value="INSERT INTO users VALUES (NULL, &quot;test10&quot;, &quot;test10&quot;, &quot;test10&quot;, &quot;test10&quot;, &quot;test10@fgiykutjdstr.com&quot;, 0, 0,&quot;2013-2-26 9:57:0&quot;, 1)" taintRecord="TARGETCOLUMN: id CATALOG: rubis TABLE: regions COLUMN: id "></taintedObject><callingObject taintID="" type="com.mysql.jdbc.PreparedStatement" objectID="2144675380"></callingObject><calledObject taintID="" type="com.mysql.jdbc.PreparedStatement$ParseInfo" objectID="1016038441"></calledObject></taintlog>
<taintlog type="CALLING"><location srcClass="com.mysql.jdbc.Connection" srcMethod="prepareStatement String int int" destClass="com.mysql.jdbc.PreparedStatement" destMethod="&lt;init&gt; Connection String String" adviceType="REGULARCONSPOSTARG" requestCounter="1" requestURI="random URI" requestRemoteAddr="random remoteaddress" callerContextCounter="54978" calledContextCounter="55002"></location><taintedObject taintID="2122488843:id:1 [2101754016]" type="java.lang.String" objectID="2101754016" value="INSERT INTO users VALUES (NULL, &quot;test10&quot;, &quot;test10&quot;, &quot;test10&quot;, &quot;test10&quot;, &quot;test10@fgiykutjdstr.com&quot;, 0, 0,&quot;2013-2-26 9:57:0&quot;, 1)" taintRecord="TARGETCOLUMN: id CATALOG: rubis TABLE: regions COLUMN: id "></taintedObject><callingObject taintID="" type="com.mysql.jdbc.Connection" objectID="1197352565"></callingObject><calledObject taintID="" type="com.mysql.jdbc.PreparedStatement" objectID="2144675380"></calledObject></taintlog>
<taintlog type="RETURNING" executionTime="33"><location srcClass="com.mysql.jdbc.Connection" srcMethod="prepareStatement String int int" destClass="com.mysql.jdbc.PreparedStatement" destMethod="&lt;init&gt; Connection String String" adviceType="EXECUTEOBJECTRETURNCONSTRUCT" requestCounter="1" requestURI="random URI" requestRemoteAddr="random remoteaddress" callerContextCounter="54978" calledContextCounter="55002"></location><taintedObject taintID="" type="com.mysql.jdbc.PreparedStatement" objectID="2144675380" value="com.mysql.jdbc.PreparedStatement@7fd52634: [B@72451879"><subTaintedObject taintID="2122488843:id:1 [2101754016]" type="java.lang.String" objectID="2101754016" value="INSERT INTO users VALUES (NULL, &quot;test10&quot;, &quot;test10&quot;, &quot;test10&quot;, &quot;test10&quot;, &quot;test10@fgiykutjdstr.com&quot;, 0, 0,&quot;2013-2-26 9:57:0&quot;, 1)" taintRecord="TARGETCOLUMN: id CATALOG: rubis TABLE: regions COLUMN: id "></subTaintedObject></taintedObject><callingObject taintID="" type="com.mysql.jdbc.Connection" objectID="1197352565"></callingObject><calledObject taintID="" type="com.mysql.jdbc.PreparedStatement" objectID="2144675380"></calledObject></taintlog>
<taintlog type="CALLING"><location srcClass="com.mysql.jdbc.Connection" srcMethod="prepareStatement String int int" destClass="com.mysql.jdbc.Connection" destMethod="prepareStatement String int int" adviceType="REGULARPOSTARG" requestCounter="1" requestURI="random URI" requestRemoteAddr="random remoteaddress" callerContextCounter="54977" calledContextCounter="54978"></location><taintedObject taintID="2122488843:id:1 [2101754016]" type="java.lang.String" objectID="2101754016" value="INSERT INTO users VALUES (NULL, &quot;test10&quot;, &quot;test10&quot;, &quot;test10&quot;, &quot;test10&quot;, &quot;test10@fgiykutjdstr.com&quot;, 0, 0,&quot;2013-2-26 9:57:0&quot;, 1)" taintRecord="TARGETCOLUMN: id CATALOG: rubis TABLE: regions COLUMN: id "></taintedObject><callingObject taintID="" type="com.mysql.jdbc.Connection" objectID="1197352565"></callingObject><calledObject taintID="" type="com.mysql.jdbc.Connection" objectID="1197352565"></calledObject></taintlog>
<taintlog type="RETURNING" executionTime="43"><location srcClass="com.mysql.jdbc.Connection" srcMethod="prepareStatement String int int" destClass="com.mysql.jdbc.Connection" destMethod="prepareStatement String int int" adviceType="EXECUTEOBJECTRETURN" requestCounter="1" requestURI="random URI" requestRemoteAddr="random remoteaddress" callerContextCounter="54977" calledContextCounter="54978"></location><taintedObject taintID="" type="com.mysql.jdbc.PreparedStatement" objectID="2144675380" value="com.mysql.jdbc.PreparedStatement@7fd52634: [B@72451879"><subTaintedObject taintID="2122488843:id:1 [2101754016]" type="java.lang.String" objectID="2101754016" value="INSERT INTO users VALUES (NULL, &quot;test10&quot;, &quot;test10&quot;, &quot;test10&quot;, &quot;test10&quot;, &quot;test10@fgiykutjdstr.com&quot;, 0, 0,&quot;2013-2-26 9:57:0&quot;, 1)" taintRecord="TARGETCOLUMN: id CATALOG: rubis TABLE: regions COLUMN: id "></subTaintedObject></taintedObject><callingObject taintID="" type="com.mysql.jdbc.Connection" objectID="1197352565"></callingObject><calledObject taintID="" type="com.mysql.jdbc.Connection" objectID="1197352565"></calledObject></taintlog>
<taintlog type="CALLING"><location srcClass="com.mysql.jdbc.Connection" srcMethod="prepareStatement String" destClass="com.mysql.jdbc.Connection" destMethod="prepareStatement String int int" adviceType="JAVACALLPOSTARG" requestCounter="1" requestURI="random URI" requestRemoteAddr="random remoteaddress" callerContextCounter="54976" calledContextCounter="54977"></location><taintedObject taintID="2122488843:id:1 [2101754016]" type="java.lang.String" objectID="2101754016" value="INSERT INTO users VALUES (NULL, &quot;test10&quot;, &quot;test10&quot;, &quot;test10&quot;, &quot;test10&quot;, &quot;test10@fgiykutjdstr.com&quot;, 0, 0,&quot;2013-2-26 9:57:0&quot;, 1)" taintRecord="TARGETCOLUMN: id CATALOG: rubis TABLE: regions COLUMN: id "></taintedObject><callingObject taintID="" type="com.mysql.jdbc.Connection" objectID="1197352565"></callingObject><calledObject taintID="" type="com.mysql.jdbc.Connection" objectID="1197352565"></calledObject></taintlog>
<taintlog type="RETURNING" executionTime="47"><location srcClass="com.mysql.jdbc.Connection" srcMethod="prepareStatement String" destClass="com.mysql.jdbc.Connection" destMethod="prepareStatement String int int" adviceType="JAVACALLOBJECTRETURN" requestCounter="1" requestURI="random URI" requestRemoteAddr="random remoteaddress" callerContextCounter="54976" calledContextCounter="54977"></location><taintedObject taintID="" type="com.mysql.jdbc.PreparedStatement" objectID="2144675380" value="com.mysql.jdbc.PreparedStatement@7fd52634: [B@72451879"><subTaintedObject taintID="2122488843:id:1 [2101754016]" type="java.lang.String" objectID="2101754016" value="INSERT INTO users VALUES (NULL, &quot;test10&quot;, &quot;test10&quot;, &quot;test10&quot;, &quot;test10&quot;, &quot;test10@fgiykutjdstr.com&quot;, 0, 0,&quot;2013-2-26 9:57:0&quot;, 1)" taintRecord="TARGETCOLUMN: id CATALOG: rubis TABLE: regions COLUMN: id "></subTaintedObject></taintedObject><callingObject taintID="" type="com.mysql.jdbc.Connection" objectID="1197352565"></callingObject><calledObject taintID="" type="com.mysql.jdbc.Connection" objectID="1197352565"></calledObject></taintlog>
<taintlog type="CALLING"><location srcClass="java.sql.Connection" srcMethod="prepareStatement String" destClass="com.mysql.jdbc.Connection" destMethod="prepareStatement String" adviceType="REGULARPOSTARG" requestCounter="1" requestURI="random URI" requestRemoteAddr="random remoteaddress" callerContextCounter="54975" calledContextCounter="54976"></location><taintedObject taintID="2122488843:id:1 [2101754016]" type="java.lang.String" objectID="2101754016" value="INSERT INTO users VALUES (NULL, &quot;test10&quot;, &quot;test10&quot;, &quot;test10&quot;, &quot;test10&quot;, &quot;test10@fgiykutjdstr.com&quot;, 0, 0,&quot;2013-2-26 9:57:0&quot;, 1)" taintRecord="TARGETCOLUMN: id CATALOG: rubis TABLE: regions COLUMN: id "></taintedObject><callingObject taintID="" type="com.mysql.jdbc.Connection" objectID="1197352565"></callingObject><calledObject taintID="" type="com.mysql.jdbc.Connection" objectID="1197352565"></calledObject></taintlog>
<taintlog type="RETURNING" executionTime="49"><location srcClass="java.sql.Connection" srcMethod="prepareStatement String" destClass="com.mysql.jdbc.Connection" destMethod="prepareStatement String" adviceType="EXECUTEOBJECTRETURN" requestCounter="1" requestURI="random URI" requestRemoteAddr="random remoteaddress" callerContextCounter="54975" calledContextCounter="54976"></location><taintedObject taintID="" type="com.mysql.jdbc.PreparedStatement" objectID="2144675380" value="com.mysql.jdbc.PreparedStatement@7fd52634: [B@72451879"><subTaintedObject taintID="2122488843:id:1 [2101754016]" type="java.lang.String" objectID="2101754016" value="INSERT INTO users VALUES (NULL, &quot;test10&quot;, &quot;test10&quot;, &quot;test10&quot;, &quot;test10&quot;, &quot;test10@fgiykutjdstr.com&quot;, 0, 0,&quot;2013-2-26 9:57:0&quot;, 1)" taintRecord="TARGETCOLUMN: id CATALOG: rubis TABLE: regions COLUMN: id "></subTaintedObject></taintedObject><callingObject taintID="" type="com.mysql.jdbc.Connection" objectID="1197352565"></callingObject><calledObject taintID="" type="com.mysql.jdbc.Connection" objectID="1197352565"></calledObject></taintlog>
<taintlog type="CALLING"><location srcClass="edu.rice.rubis.servlets.RegisterUser" srcMethod="doGet HttpServletRequest HttpServletResponse" destClass="java.sql.Connection" destMethod="prepareStatement String" adviceType="JAVACALLPOSTARG" requestCounter="1" requestURI="random URI" requestRemoteAddr="random remoteaddress" callerContextCounter="28" calledContextCounter="54975"></location><taintedObject taintID="2122488843:id:1 [2101754016]" type="java.lang.String" objectID="2101754016" value="INSERT INTO users VALUES (NULL, &quot;test10&quot;, &quot;test10&quot;, &quot;test10&quot;, &quot;test10&quot;, &quot;test10@fgiykutjdstr.com&quot;, 0, 0,&quot;2013-2-26 9:57:0&quot;, 1)" taintRecord="TARGETCOLUMN: id CATALOG: rubis TABLE: regions COLUMN: id "></taintedObject><callingObject taintID="" type="edu.rice.rubis.servlets.RegisterUser" objectID="1761586552"></callingObject><calledObject taintID="" type="com.mysql.jdbc.Connection" objectID="1197352565"></calledObject></taintlog>
<taintlog type="RETURNING" executionTime="52"><location srcClass="edu.rice.rubis.servlets.RegisterUser" srcMethod="doGet HttpServletRequest HttpServletResponse" destClass="java.sql.Connection" destMethod="prepareStatement String" adviceType="JAVACALLOBJECTRETURN" requestCounter="1" requestURI="random URI" requestRemoteAddr="random remoteaddress" callerContextCounter="28" calledContextCounter="54975"></location><taintedObject taintID="" type="com.mysql.jdbc.PreparedStatement" objectID="2144675380" value="com.mysql.jdbc.PreparedStatement@7fd52634: [B@72451879"><subTaintedObject taintID="2122488843:id:1 [2101754016]" type="java.lang.String" objectID="2101754016" value="INSERT INTO users VALUES (NULL, &quot;test10&quot;, &quot;test10&quot;, &quot;test10&quot;, &quot;test10&quot;, &quot;test10@fgiykutjdstr.com&quot;, 0, 0,&quot;2013-2-26 9:57:0&quot;, 1)" taintRecord="TARGETCOLUMN: id CATALOG: rubis TABLE: regions COLUMN: id "></subTaintedObject></taintedObject><callingObject taintID="" type="edu.rice.rubis.servlets.RegisterUser" objectID="1761586552"></callingObject><calledObject taintID="" type="com.mysql.jdbc.Connection" objectID="1197352565"></calledObject></taintlog>
<taintlog type="OUTPUT"><location srcClass="edu.rice.rubis.servlets.RegisterUser" srcMethod="doGet HttpServletRequest HttpServletResponse" destClass="com.mysql.jdbc.PreparedStatement" destMethod="executeUpdate" adviceType="DBOUT" requestCounter="1" requestURI="random URI" requestRemoteAddr="random remoteaddress" callerContextCounter="28" calledContextCounter="55466"></location><taintedObject taintID="" type="com.mysql.jdbc.PreparedStatement" objectID="2144675380" value="com.mysql.jdbc.PreparedStatement@7fd52634: [B@72451879"><subTaintedObject taintID="2122488843:id:1 [2101754016]" type="java.lang.String" objectID="2101754016" value="INSERT INTO users VALUES (NULL, &quot;test10&quot;, &quot;test10&quot;, &quot;test10&quot;, &quot;test10&quot;, &quot;test10@fgiykutjdstr.com&quot;, 0, 0,&quot;2013-2-26 9:57:0&quot;, 1)" taintRecord="TARGETCOLUMN: id CATALOG: rubis TABLE: regions COLUMN: id "></subTaintedObject></taintedObject><callingObject taintID="" type="edu.rice.rubis.servlets.RegisterUser" objectID="1761586552"></callingObject><calledObject taintID="" type="com.mysql.jdbc.PreparedStatement" objectID="2144675380"></calledObject></taintlog>
<taintlog type="OUTPUT"><location srcClass="com.mysql.jdbc.PreparedStatement" srcMethod="executeUpdate" destClass="com.mysql.jdbc.PreparedStatement" destMethod="executeUpdate byte[][] InputStream[] boolean[] int[] boolean[]" adviceType="DBOUT" requestCounter="1" requestURI="random URI" requestRemoteAddr="random remoteaddress" callerContextCounter="55467" calledContextCounter="55468"></location><taintedObject taintID="" type="com.mysql.jdbc.PreparedStatement" objectID="2144675380" value="com.mysql.jdbc.PreparedStatement@7fd52634: [B@72451879"><subTaintedObject taintID="2122488843:id:1 [2101754016]" type="java.lang.String" objectID="2101754016" value="INSERT INTO users VALUES (NULL, &quot;test10&quot;, &quot;test10&quot;, &quot;test10&quot;, &quot;test10&quot;, &quot;test10@fgiykutjdstr.com&quot;, 0, 0,&quot;2013-2-26 9:57:0&quot;, 1)" taintRecord="TARGETCOLUMN: id CATALOG: rubis TABLE: regions COLUMN: id "></subTaintedObject></taintedObject><callingObject taintID="" type="com.mysql.jdbc.PreparedStatement" objectID="2144675380"></callingObject><calledObject taintID="" type="com.mysql.jdbc.PreparedStatement" objectID="2144675380"></calledObject></taintlog>
<taintlog type="RETURNING" executionTime="111"><location srcClass="edu.rice.rubis.servlets.RegisterUser" srcMethod="doGet HttpServletRequest HttpServletResponse" destClass="java.sql.PreparedStatement" destMethod="executeQuery" adviceType="JAVACALLSTRINGRETURN" requestCounter="1" requestURI="random URI" requestRemoteAddr="random remoteaddress" callerContextCounter="28" calledContextCounter="55792"></location><taintedObject taintID="1101617690:3 [1956415373]" type="com.mysql.jdbc.ResultSet" objectID="1956415373" value="com.mysql.jdbc.ResultSet@749c878d" taintRecord="CATALOG: rubis TABLE: users COLUMN: id CATALOG: rubis TABLE: users COLUMN: creation_date "></taintedObject><callingObject taintID="" type="edu.rice.rubis.servlets.RegisterUser" objectID="1761586552"></callingObject><calledObject taintID="" type="com.mysql.jdbc.PreparedStatement" objectID="962491791"></calledObject></taintlog>
<taintlog type="RETURNINGINPUT"><location srcClass="com.mysql.jdbc.ResultSet" srcMethod="getInt String" destClass="com.mysql.jdbc.ResultSet" destMethod="getInt int" adviceType="DBCPINT" requestCounter="1" requestURI="random URI" requestRemoteAddr="random remoteaddress" callerContextCounter="56110" calledContextCounter="56162"></location><taintedObject taintID="1101617690:id:4 [1616175799]" type="java.lang.Integer" objectID="556063070" value="1616175799" taintRecord="TARGETCOLUMN: id CATALOG: rubis TABLE: users COLUMN: id CATALOG: rubis TABLE: users COLUMN: creation_date "></taintedObject><callingObject taintID="1101617690:3 [1956415373]" type="com.mysql.jdbc.ResultSet" objectID="1956415373" taintRecord="CATALOG: rubis TABLE: users COLUMN: id CATALOG: rubis TABLE: users COLUMN: creation_date "></callingObject><calledObject taintID="1101617690:3 [1956415373]" type="com.mysql.jdbc.ResultSet" objectID="1956415373" taintRecord="CATALOG: rubis TABLE: users COLUMN: id CATALOG: rubis TABLE: users COLUMN: creation_date "></calledObject></taintlog>
<taintlog type="RETURNING" executionTime="63"><location srcClass="com.mysql.jdbc.ResultSet" srcMethod="getInt String" destClass="com.mysql.jdbc.ResultSet" destMethod="getInt int" adviceType="JAVACALLSTRINGRETURN" requestCounter="1" requestURI="random URI" requestRemoteAddr="random remoteaddress" callerContextCounter="56110" calledContextCounter="56162"></location><taintedObject taintID="1101617690:id:4 [1616175799]" type="java.lang.Integer" objectID="2050669393" value="1616175799" taintRecord="TARGETCOLUMN: id CATALOG: rubis TABLE: users COLUMN: id CATALOG: rubis TABLE: users COLUMN: creation_date "></taintedObject><callingObject taintID="1101617690:3 [1956415373]" type="com.mysql.jdbc.ResultSet" objectID="1956415373" taintRecord="CATALOG: rubis TABLE: users COLUMN: id CATALOG: rubis TABLE: users COLUMN: creation_date "></callingObject><calledObject taintID="1101617690:3 [1956415373]" type="com.mysql.jdbc.ResultSet" objectID="1956415373" taintRecord="CATALOG: rubis TABLE: users COLUMN: id CATALOG: rubis TABLE: users COLUMN: creation_date "></calledObject></taintlog>
<taintlog type="RETURNING" executionTime="68"><location srcClass="java.sql.ResultSet" srcMethod="getInt String" destClass="com.mysql.jdbc.ResultSet" destMethod="getInt String" adviceType="EXECUTESTRINGRETURN" requestCounter="1" requestURI="random URI" requestRemoteAddr="random remoteaddress" callerContextCounter="56109" calledContextCounter="56110"></location><taintedObject taintID="1101617690:id:4 [1616175799]" type="java.lang.Integer" objectID="635437448" value="1616175799" taintRecord="TARGETCOLUMN: id CATALOG: rubis TABLE: users COLUMN: id CATALOG: rubis TABLE: users COLUMN: creation_date "></taintedObject><callingObject taintID="1101617690:3 [1956415373]" type="com.mysql.jdbc.ResultSet" objectID="1956415373" taintRecord="CATALOG: rubis TABLE: users COLUMN: id CATALOG: rubis TABLE: users COLUMN: creation_date "></callingObject><calledObject taintID="1101617690:3 [1956415373]" type="com.mysql.jdbc.ResultSet" objectID="1956415373" taintRecord="CATALOG: rubis TABLE: users COLUMN: id CATALOG: rubis TABLE: users COLUMN: creation_date "></calledObject></taintlog>
<taintlog type="RETURNINGINPUT"><location srcClass="edu.rice.rubis.servlets.RegisterUser" srcMethod="doGet HttpServletRequest HttpServletResponse" destClass="java.sql.ResultSet" destMethod="getInt String" adviceType="DBCPINT" requestCounter="1" requestURI="random URI" requestRemoteAddr="random remoteaddress" callerContextCounter="28" calledContextCounter="56109"></location><taintedObject taintID="1101617690:id:4 [1616175799]" type="java.lang.Integer" objectID="1049222407" value="1616175799" taintRecord="TARGETCOLUMN: id CATALOG: rubis TABLE: users COLUMN: id CATALOG: rubis TABLE: users COLUMN: creation_date "></taintedObject><callingObject taintID="" type="edu.rice.rubis.servlets.RegisterUser" objectID="1761586552"></callingObject><calledObject taintID="1101617690:3 [1956415373]" type="com.mysql.jdbc.ResultSet" objectID="1956415373" taintRecord="CATALOG: rubis TABLE: users COLUMN: id CATALOG: rubis TABLE: users COLUMN: creation_date "></calledObject></taintlog>
<taintlog type="RETURNING" executionTime="91"><location srcClass="edu.rice.rubis.servlets.RegisterUser" srcMethod="doGet HttpServletRequest HttpServletResponse" destClass="java.sql.ResultSet" destMethod="getInt String" adviceType="JAVACALLSTRINGRETURN" requestCounter="1" requestURI="random URI" requestRemoteAddr="random remoteaddress" callerContextCounter="28" calledContextCounter="56109"></location><taintedObject taintID="1101617690:id:4 [1616175799]" type="java.lang.Integer" objectID="1292768932" value="1616175799" taintRecord="TARGETCOLUMN: id CATALOG: rubis TABLE: users COLUMN: id CATALOG: rubis TABLE: users COLUMN: creation_date "></taintedObject><callingObject taintID="" type="edu.rice.rubis.servlets.RegisterUser" objectID="1761586552"></callingObject><calledObject taintID="1101617690:3 [1956415373]" type="com.mysql.jdbc.ResultSet" objectID="1956415373" taintRecord="CATALOG: rubis TABLE: users COLUMN: id CATALOG: rubis TABLE: users COLUMN: creation_date "></calledObject></taintlog>
<taintlog type="RETURNINGINPUT"><location srcClass="com.mysql.jdbc.ResultSet" srcMethod="getString String" destClass="com.mysql.jdbc.ResultSet" destMethod="getString int" adviceType="DBCP" requestCounter="1" requestURI="random URI" requestRemoteAddr="random remoteaddress" callerContextCounter="56298" calledContextCounter="56303"></location><taintedObject taintID="1101617690:creation_date:5 [2075590603]" type="java.lang.String" objectID="2075590603" value="2013-02-26 09:57:00" taintRecord="TARGETCOLUMN: creation_date CATALOG: rubis TABLE: users COLUMN: id CATALOG: rubis TABLE: users COLUMN: creation_date "></taintedObject><callingObject taintID="1101617690:3 [1956415373]" type="com.mysql.jdbc.ResultSet" objectID="1956415373" taintRecord="CATALOG: rubis TABLE: users COLUMN: id CATALOG: rubis TABLE: users COLUMN: creation_date "></callingObject><calledObject taintID="1101617690:3 [1956415373]" type="com.mysql.jdbc.ResultSet" objectID="1956415373" taintRecord="CATALOG: rubis TABLE: users COLUMN: id CATALOG: rubis TABLE: users COLUMN: creation_date "></calledObject></taintlog>
<taintlog type="RETURNING" executionTime="29"><location srcClass="com.mysql.jdbc.ResultSet" srcMethod="getString String" destClass="com.mysql.jdbc.ResultSet" destMethod="getString int" adviceType="JAVACALLSTRINGRETURN" requestCounter="1" requestURI="random URI" requestRemoteAddr="random remoteaddress" callerContextCounter="56298" calledContextCounter="56303"></location><taintedObject taintID="1101617690:creation_date:5 [2075590603]" type="java.lang.String" objectID="2075590603" value="2013-02-26 09:57:00" taintRecord="TARGETCOLUMN: creation_date CATALOG: rubis TABLE: users COLUMN: id CATALOG: rubis TABLE: users COLUMN: creation_date "></taintedObject><callingObject taintID="1101617690:3 [1956415373]" type="com.mysql.jdbc.ResultSet" objectID="1956415373" taintRecord="CATALOG: rubis TABLE: users COLUMN: id CATALOG: rubis TABLE: users COLUMN: creation_date "></callingObject><calledObject taintID="1101617690:3 [1956415373]" type="com.mysql.jdbc.ResultSet" objectID="1956415373" taintRecord="CATALOG: rubis TABLE: users COLUMN: id CATALOG: rubis TABLE: users COLUMN: creation_date "></calledObject></taintlog>
<taintlog type="RETURNING" executionTime="30"><location srcClass="java.sql.ResultSet" srcMethod="getString String" destClass="com.mysql.jdbc.ResultSet" destMethod="getString String" adviceType="EXECUTESTRINGRETURN" requestCounter="1" requestURI="random URI" requestRemoteAddr="random remoteaddress" callerContextCounter="56297" calledContextCounter="56298"></location><taintedObject taintID="1101617690:creation_date:5 [2075590603]" type="java.lang.String" objectID="2075590603" value="2013-02-26 09:57:00" taintRecord="TARGETCOLUMN: creation_date CATALOG: rubis TABLE: users COLUMN: id CATALOG: rubis TABLE: users COLUMN: creation_date "></taintedObject><callingObject taintID="1101617690:3 [1956415373]" type="com.mysql.jdbc.ResultSet" objectID="1956415373" taintRecord="CATALOG: rubis TABLE: users COLUMN: id CATALOG: rubis TABLE: users COLUMN: creation_date "></callingObject><calledObject taintID="1101617690:3 [1956415373]" type="com.mysql.jdbc.ResultSet" objectID="1956415373" taintRecord="CATALOG: rubis TABLE: users COLUMN: id CATALOG: rubis TABLE: users COLUMN: creation_date "></calledObject></taintlog>
<taintlog type="RETURNINGINPUT"><location srcClass="edu.rice.rubis.servlets.RegisterUser" srcMethod="doGet HttpServletRequest HttpServletResponse" destClass="java.sql.ResultSet" destMethod="getString String" adviceType="DBCP" requestCounter="1" requestURI="random URI" requestRemoteAddr="random remoteaddress" callerContextCounter="28" calledContextCounter="56297"></location><taintedObject taintID="1101617690:creation_date:5 [2075590603]" type="java.lang.String" objectID="2075590603" value="2013-02-26 09:57:00" taintRecord="TARGETCOLUMN: creation_date CATALOG: rubis TABLE: users COLUMN: id CATALOG: rubis TABLE: users COLUMN: creation_date "></taintedObject><callingObject taintID="" type="edu.rice.rubis.servlets.RegisterUser" objectID="1761586552"></callingObject><calledObject taintID="1101617690:3 [1956415373]" type="com.mysql.jdbc.ResultSet" objectID="1956415373" taintRecord="CATALOG: rubis TABLE: users COLUMN: id CATALOG: rubis TABLE: users COLUMN: creation_date "></calledObject></taintlog>
<taintlog type="RETURNING" executionTime="41"><location srcClass="edu.rice.rubis.servlets.RegisterUser" srcMethod="doGet HttpServletRequest HttpServletResponse" destClass="java.sql.ResultSet" destMethod="getString String" adviceType="JAVACALLSTRINGRETURN" requestCounter="1" requestURI="random URI" requestRemoteAddr="random remoteaddress" callerContextCounter="28" calledContextCounter="56297"></location><taintedObject taintID="1101617690:creation_date:5 [2075590603]" type="java.lang.String" objectID="2075590603" value="2013-02-26 09:57:00" taintRecord="TARGETCOLUMN: creation_date CATALOG: rubis TABLE: users COLUMN: id CATALOG: rubis TABLE: users COLUMN: creation_date "></taintedObject><callingObject taintID="" type="edu.rice.rubis.servlets.RegisterUser" objectID="1761586552"></callingObject><calledObject taintID="1101617690:3 [1956415373]" type="com.mysql.jdbc.ResultSet" objectID="1956415373" taintRecord="CATALOG: rubis TABLE: users COLUMN: id CATALOG: rubis TABLE: users COLUMN: creation_date "></calledObject></taintlog>
<taintlog type="CALLING"><location srcClass="edu.rice.rubis.servlets.RegisterUser" srcMethod="doGet HttpServletRequest HttpServletResponse" destClass="java.lang.StringBuilder" destMethod="append int" adviceType="JAVACALL" requestCounter="1" requestURI="random URI" requestRemoteAddr="random remoteaddress" callerContextCounter="28" calledContextCounter="56444"></location><taintedObject taintID="1101617690:id:4 [1616175799]" type="java.lang.Integer" objectID="67153923" value="1616175799" taintRecord="TARGETCOLUMN: id CATALOG: rubis TABLE: users COLUMN: id CATALOG: rubis TABLE: users COLUMN: creation_date "></taintedObject><callingObject taintID="" type="edu.rice.rubis.servlets.RegisterUser" objectID="1761586552"></callingObject><calledObject taintID="" type="java.lang.StringBuilder" objectID="1021806026"></calledObject></taintlog>
<taintlog type="MODIFICATION"><location srcClass="edu.rice.rubis.servlets.RegisterUser" srcMethod="doGet HttpServletRequest HttpServletResponse" destClass="java.lang.StringBuilder" destMethod="append int" adviceType="STRINGMODARGS" requestCounter="1" requestURI="random URI" requestRemoteAddr="random remoteaddress" callerContextCounter="28" calledContextCounter="56444"></location><targetObject taintID="1101617690:id:4 [1616175799]" type="java.lang.Integer" objectID="67153923" value="1616175799" taintRecord="TARGETCOLUMN: id CATALOG: rubis TABLE: users COLUMN: id CATALOG: rubis TABLE: users COLUMN: creation_date "></targetObject></taintlog>
<taintlog type="PROPAGATION"><location srcClass="edu.rice.rubis.servlets.RegisterUser" srcMethod="doGet HttpServletRequest HttpServletResponse" destClass="java.lang.StringBuilder" destMethod="append int" adviceType="STRINGPROPTHISA" requestCounter="1" requestURI="random URI" requestRemoteAddr="random remoteaddress" callerContextCounter="28" calledContextCounter="56444"></location><sourceObject taintID="1101617690:id:4 [1616175799]" type="java.lang.Integer" objectID="67153923" value="1616175799" taintRecord="TARGETCOLUMN: id CATALOG: rubis TABLE: users COLUMN: id CATALOG: rubis TABLE: users COLUMN: creation_date "></sourceObject><destObject taintID="1101617690:id:4 [1021806026]" type="java.lang.StringBuilder" objectID="1021806026" value="User id       :1001857" taintRecord="TARGETCOLUMN: id CATALOG: rubis TABLE: users COLUMN: id CATALOG: rubis TABLE: users COLUMN: creation_date "></destObject><taintedObject taintID="1101617690:id:4 [1021806026]" type="java.lang.StringBuilder" objectID="1021806026" value="User id       :1001857" taintRecord="TARGETCOLUMN: id CATALOG: rubis TABLE: users COLUMN: id CATALOG: rubis TABLE: users COLUMN: creation_date "></taintedObject></taintlog>
<taintlog type="MODIFICATION"><location srcClass="edu.rice.rubis.servlets.RegisterUser" srcMethod="doGet HttpServletRequest HttpServletResponse" destClass="java.lang.StringBuilder" destMethod="append int" adviceType="STRINGMODTHIS" requestCounter="1" requestURI="random URI" requestRemoteAddr="random remoteaddress" callerContextCounter="28" calledContextCounter="56444"></location><targetObject taintID="1101617690:id:4 [1021806026]" type="java.lang.StringBuilder" objectID="1021806026" value="User id       :1001857" taintRecord="TARGETCOLUMN: id CATALOG: rubis TABLE: users COLUMN: id CATALOG: rubis TABLE: users COLUMN: creation_date "></targetObject></taintlog>
<taintlog type="RETURNING" executionTime="0"><location srcClass="edu.rice.rubis.servlets.RegisterUser" srcMethod="doGet HttpServletRequest HttpServletResponse" destClass="java.lang.StringBuilder" destMethod="append int" adviceType="JAVACALLSTRINGRETURN" requestCounter="1" requestURI="random URI" requestRemoteAddr="random remoteaddress" callerContextCounter="28" calledContextCounter="56444"></location><taintedObject taintID="1101617690:id:4 [1021806026]" type="java.lang.StringBuilder" objectID="1021806026" value="User id       :1001857" taintRecord="TARGETCOLUMN: id CATALOG: rubis TABLE: users COLUMN: id CATALOG: rubis TABLE: users COLUMN: creation_date "></taintedObject><callingObject taintID="" type="edu.rice.rubis.servlets.RegisterUser" objectID="1761586552"></callingObject><calledObject taintID="1101617690:id:4 [1021806026]" type="java.lang.StringBuilder" objectID="1021806026" taintRecord="TARGETCOLUMN: id CATALOG: rubis TABLE: users COLUMN: id CATALOG: rubis TABLE: users COLUMN: creation_date "></calledObject></taintlog>
<taintlog type="MODIFICATION"><location srcClass="edu.rice.rubis.servlets.RegisterUser" srcMethod="doGet HttpServletRequest HttpServletResponse" destClass="java.lang.StringBuilder" destMethod="append String" adviceType="STRINGMODTHIS" requestCounter="1" requestURI="random URI" requestRemoteAddr="random remoteaddress" callerContextCounter="28" calledContextCounter="56445"></location><targetObject taintID="1101617690:id:4 [1021806026]" type="java.lang.StringBuilder" objectID="1021806026" value="User id       :1001857&lt;br&gt;" taintRecord="TARGETCOLUMN: id CATALOG: rubis TABLE: users COLUMN: id CATALOG: rubis TABLE: users COLUMN: creation_date "></targetObject></taintlog>
<taintlog type="RETURNING" executionTime="1"><location srcClass="edu.rice.rubis.servlets.RegisterUser" srcMethod="doGet HttpServletRequest HttpServletResponse" destClass="java.lang.StringBuilder" destMethod="append String" adviceType="JAVACALLSTRINGRETURN" requestCounter="1" requestURI="random URI" requestRemoteAddr="random remoteaddress" callerContextCounter="28" calledContextCounter="56445"></location><taintedObject taintID="1101617690:id:4 [1021806026]" type="java.lang.StringBuilder" objectID="1021806026" value="User id       :1001857&lt;br&gt;" taintRecord="TARGETCOLUMN: id CATALOG: rubis TABLE: users COLUMN: id CATALOG: rubis TABLE: users COLUMN: creation_date "></taintedObject><callingObject taintID="" type="edu.rice.rubis.servlets.RegisterUser" objectID="1761586552"></callingObject><calledObject taintID="1101617690:id:4 [1021806026]" type="java.lang.StringBuilder" objectID="1021806026" taintRecord="TARGETCOLUMN: id CATALOG: rubis TABLE: users COLUMN: id CATALOG: rubis TABLE: users COLUMN: creation_date "></calledObject></taintlog>
<taintlog type="PROPAGATION"><location srcClass="edu.rice.rubis.servlets.RegisterUser" srcMethod="doGet HttpServletRequest HttpServletResponse" destClass="java.lang.StringBuilder" destMethod="toString" adviceType="STRINGPROPNOMOD" requestCounter="1" requestURI="random URI" requestRemoteAddr="random remoteaddress" callerContextCounter="28" calledContextCounter="56446"></location><sourceObject taintID="1101617690:id:4 [1021806026]" type="java.lang.StringBuilder" objectID="1021806026" value="User id       :1001857&lt;br&gt;" taintRecord="TARGETCOLUMN: id CATALOG: rubis TABLE: users COLUMN: id CATALOG: rubis TABLE: users COLUMN: creation_date "></sourceObject><destObject taintID="1101617690:id:4 [1227069186]" type="java.lang.String" objectID="1227069186" value="User id       :1001857&lt;br&gt;" taintRecord="TARGETCOLUMN: id CATALOG: rubis TABLE: users COLUMN: id CATALOG: rubis TABLE: users COLUMN: creation_date "></destObject><taintedObject taintID="1101617690:id:4 [1227069186]" type="java.lang.String" objectID="1227069186" value="User id       :1001857&lt;br&gt;" taintRecord="TARGETCOLUMN: id CATALOG: rubis TABLE: users COLUMN: id CATALOG: rubis TABLE: users COLUMN: creation_date "></taintedObject></taintlog>
<taintlog type="RETURNING" executionTime="0"><location srcClass="edu.rice.rubis.servlets.RegisterUser" srcMethod="doGet HttpServletRequest HttpServletResponse" destClass="java.lang.StringBuilder" destMethod="toString" adviceType="JAVACALLSTRINGRETURN" requestCounter="1" requestURI="random URI" requestRemoteAddr="random remoteaddress" callerContextCounter="28" calledContextCounter="56446"></location><taintedObject taintID="1101617690:id:4 [1227069186]" type="java.lang.String" objectID="1227069186" value="User id       :1001857&lt;br&gt;" taintRecord="TARGETCOLUMN: id CATALOG: rubis TABLE: users COLUMN: id CATALOG: rubis TABLE: users COLUMN: creation_date "></taintedObject><callingObject taintID="" type="edu.rice.rubis.servlets.RegisterUser" objectID="1761586552"></callingObject><calledObject taintID="1101617690:id:4 [1021806026]" type="java.lang.StringBuilder" objectID="1021806026" taintRecord="TARGETCOLUMN: id CATALOG: rubis TABLE: users COLUMN: id CATALOG: rubis TABLE: users COLUMN: creation_date "></calledObject></taintlog>
<taintlog type="CALLING"><location srcClass="edu.rice.rubis.servlets.RegisterUser" srcMethod="doGet HttpServletRequest HttpServletResponse" destClass="edu.rice.rubis.servlets.ServletPrinter" destMethod="printHTML String" adviceType="REGULAREXECUTE" requestCounter="1" requestURI="random URI" requestRemoteAddr="random remoteaddress" callerContextCounter="28" calledContextCounter="56447"></location><taintedObject taintID="1101617690:id:4 [1227069186]" type="java.lang.String" objectID="1227069186" value="User id       :1001857&lt;br&gt;" taintRecord="TARGETCOLUMN: id CATALOG: rubis TABLE: users COLUMN: id CATALOG: rubis TABLE: users COLUMN: creation_date "></taintedObject><callingObject taintID="" type="edu.rice.rubis.servlets.RegisterUser" objectID="1761586552"></callingObject><calledObject taintID="" type="edu.rice.rubis.servlets.ServletPrinter" objectID="787001535"></calledObject></taintlog>
<taintlog type="CALLING"><location srcClass="edu.rice.rubis.servlets.ServletPrinter" srcMethod="printHTML String" destClass="java.io.PrintWriter" destMethod="println String" adviceType="JAVACALL" requestCounter="1" requestURI="random URI" requestRemoteAddr="random remoteaddress" callerContextCounter="56447" calledContextCounter="56448"></location><taintedObject taintID="1101617690:id:4 [1227069186]" type="java.lang.String" objectID="1227069186" value="User id       :1001857&lt;br&gt;" taintRecord="TARGETCOLUMN: id CATALOG: rubis TABLE: users COLUMN: id CATALOG: rubis TABLE: users COLUMN: creation_date "></taintedObject><callingObject taintID="" type="edu.rice.rubis.servlets.ServletPrinter" objectID="787001535"></callingObject><calledObject taintID="" type="org.apache.catalina.connector.CoyoteWriter" objectID="1475592265"></calledObject></taintlog>
<taintlog type="CALLING"><location srcClass="edu.rice.rubis.servlets.RegisterUser" srcMethod="doGet HttpServletRequest HttpServletResponse" destClass="edu.rice.rubis.servlets.ServletPrinter" destMethod="printHTML String" adviceType="REGULARPOSTARG" requestCounter="1" requestURI="random URI" requestRemoteAddr="random remoteaddress" callerContextCounter="28" calledContextCounter="56447"></location><taintedObject taintID="1101617690:id:4 [1227069186]" type="java.lang.String" objectID="1227069186" value="User id       :1001857&lt;br&gt;" taintRecord="TARGETCOLUMN: id CATALOG: rubis TABLE: users COLUMN: id CATALOG: rubis TABLE: users COLUMN: creation_date "></taintedObject><callingObject taintID="" type="edu.rice.rubis.servlets.RegisterUser" objectID="1761586552"></callingObject><calledObject taintID="" type="edu.rice.rubis.servlets.ServletPrinter" objectID="787001535"></calledObject></taintlog>
<taintlog type="CALLING"><location srcClass="edu.rice.rubis.servlets.RegisterUser" srcMethod="doGet HttpServletRequest HttpServletResponse" destClass="java.lang.StringBuilder" destMethod="append String" adviceType="JAVACALL" requestCounter="1" requestURI="random URI" requestRemoteAddr="random remoteaddress" callerContextCounter="28" calledContextCounter="56450"></location><taintedObject taintID="1101617690:creation_date:5 [2075590603]" type="java.lang.String" objectID="2075590603" value="2013-02-26 09:57:00" taintRecord="TARGETCOLUMN: creation_date CATALOG: rubis TABLE: users COLUMN: id CATALOG: rubis TABLE: users COLUMN: creation_date "></taintedObject><callingObject taintID="" type="edu.rice.rubis.servlets.RegisterUser" objectID="1761586552"></callingObject><calledObject taintID="" type="java.lang.StringBuilder" objectID="1342339312"></calledObject></taintlog>
<taintlog type="MODIFICATION"><location srcClass="edu.rice.rubis.servlets.RegisterUser" srcMethod="doGet HttpServletRequest HttpServletResponse" destClass="java.lang.StringBuilder" destMethod="append String" adviceType="STRINGMODARGS" requestCounter="1" requestURI="random URI" requestRemoteAddr="random remoteaddress" callerContextCounter="28" calledContextCounter="56450"></location><targetObject taintID="1101617690:creation_date:5 [2075590603]" type="java.lang.String" objectID="2075590603" value="2013-02-26 09:57:00" taintRecord="TARGETCOLUMN: creation_date CATALOG: rubis TABLE: users COLUMN: id CATALOG: rubis TABLE: users COLUMN: creation_date "></targetObject></taintlog>
<taintlog type="PROPAGATION"><location srcClass="edu.rice.rubis.servlets.RegisterUser" srcMethod="doGet HttpServletRequest HttpServletResponse" destClass="java.lang.StringBuilder" destMethod="append String" adviceType="STRINGPROPTHISA" requestCounter="1" requestURI="random URI" requestRemoteAddr="random remoteaddress" callerContextCounter="28" calledContextCounter="56450"></location><sourceObject taintID="1101617690:creation_date:5 [2075590603]" type="java.lang.String" objectID="2075590603" value="2013-02-26 09:57:00" taintRecord="TARGETCOLUMN: creation_date CATALOG: rubis TABLE: users COLUMN: id CATALOG: rubis TABLE: users COLUMN: creation_date "></sourceObject><destObject taintID="1101617690:creation_date:5 [1342339312]" type="java.lang.StringBuilder" objectID="1342339312" value="Creation date :2013-02-26 09:57:00" taintRecord="TARGETCOLUMN: creation_date CATALOG: rubis TABLE: users COLUMN: id CATALOG: rubis TABLE: users COLUMN: creation_date "></destObject><taintedObject taintID="1101617690:creation_date:5 [1342339312]" type="java.lang.StringBuilder" objectID="1342339312" value="Creation date :2013-02-26 09:57:00" taintRecord="TARGETCOLUMN: creation_date CATALOG: rubis TABLE: users COLUMN: id CATALOG: rubis TABLE: users COLUMN: creation_date "></taintedObject></taintlog>
<taintlog type="MODIFICATION"><location srcClass="edu.rice.rubis.servlets.RegisterUser" srcMethod="doGet HttpServletRequest HttpServletResponse" destClass="java.lang.StringBuilder" destMethod="append String" adviceType="STRINGMODTHIS" requestCounter="1" requestURI="random URI" requestRemoteAddr="random remoteaddress" callerContextCounter="28" calledContextCounter="56450"></location><targetObject taintID="1101617690:creation_date:5 [1342339312]" type="java.lang.StringBuilder" objectID="1342339312" value="Creation date :2013-02-26 09:57:00" taintRecord="TARGETCOLUMN: creation_date CATALOG: rubis TABLE: users COLUMN: id CATALOG: rubis TABLE: users COLUMN: creation_date "></targetObject></taintlog>
<taintlog type="RETURNING" executionTime="1"><location srcClass="edu.rice.rubis.servlets.RegisterUser" srcMethod="doGet HttpServletRequest HttpServletResponse" destClass="java.lang.StringBuilder" destMethod="append String" adviceType="JAVACALLSTRINGRETURN" requestCounter="1" requestURI="random URI" requestRemoteAddr="random remoteaddress" callerContextCounter="28" calledContextCounter="56450"></location><taintedObject taintID="1101617690:creation_date:5 [1342339312]" type="java.lang.StringBuilder" objectID="1342339312" value="Creation date :2013-02-26 09:57:00" taintRecord="TARGETCOLUMN: creation_date CATALOG: rubis TABLE: users COLUMN: id CATALOG: rubis TABLE: users COLUMN: creation_date "></taintedObject><callingObject taintID="" type="edu.rice.rubis.servlets.RegisterUser" objectID="1761586552"></callingObject><calledObject taintID="1101617690:creation_date:5 [1342339312]" type="java.lang.StringBuilder" objectID="1342339312" taintRecord="TARGETCOLUMN: creation_date CATALOG: rubis TABLE: users COLUMN: id CATALOG: rubis TABLE: users COLUMN: creation_date "></calledObject></taintlog>
<taintlog type="MODIFICATION"><location srcClass="edu.rice.rubis.servlets.RegisterUser" srcMethod="doGet HttpServletRequest HttpServletResponse" destClass="java.lang.StringBuilder" destMethod="append String" adviceType="STRINGMODTHIS" requestCounter="1" requestURI="random URI" requestRemoteAddr="random remoteaddress" callerContextCounter="28" calledContextCounter="56451"></location><targetObject taintID="1101617690:creation_date:5 [1342339312]" type="java.lang.StringBuilder" objectID="1342339312" value="Creation date :2013-02-26 09:57:00&lt;br&gt;" taintRecord="TARGETCOLUMN: creation_date CATALOG: rubis TABLE: users COLUMN: id CATALOG: rubis TABLE: users COLUMN: creation_date "></targetObject></taintlog>
<taintlog type="RETURNING" executionTime="0"><location srcClass="edu.rice.rubis.servlets.RegisterUser" srcMethod="doGet HttpServletRequest HttpServletResponse" destClass="java.lang.StringBuilder" destMethod="append String" adviceType="JAVACALLSTRINGRETURN" requestCounter="1" requestURI="random URI" requestRemoteAddr="random remoteaddress" callerContextCounter="28" calledContextCounter="56451"></location><taintedObject taintID="1101617690:creation_date:5 [1342339312]" type="java.lang.StringBuilder" objectID="1342339312" value="Creation date :2013-02-26 09:57:00&lt;br&gt;" taintRecord="TARGETCOLUMN: creation_date CATALOG: rubis TABLE: users COLUMN: id CATALOG: rubis TABLE: users COLUMN: creation_date "></taintedObject><callingObject taintID="" type="edu.rice.rubis.servlets.RegisterUser" objectID="1761586552"></callingObject><calledObject taintID="1101617690:creation_date:5 [1342339312]" type="java.lang.StringBuilder" objectID="1342339312" taintRecord="TARGETCOLUMN: creation_date CATALOG: rubis TABLE: users COLUMN: id CATALOG: rubis TABLE: users COLUMN: creation_date "></calledObject></taintlog>
<taintlog type="PROPAGATION"><location srcClass="edu.rice.rubis.servlets.RegisterUser" srcMethod="doGet HttpServletRequest HttpServletResponse" destClass="java.lang.StringBuilder" destMethod="toString" adviceType="STRINGPROPNOMOD" requestCounter="1" requestURI="random URI" requestRemoteAddr="random remoteaddress" callerContextCounter="28" calledContextCounter="56452"></location><sourceObject taintID="1101617690:creation_date:5 [1342339312]" type="java.lang.StringBuilder" objectID="1342339312" value="Creation date :2013-02-26 09:57:00&lt;br&gt;" taintRecord="TARGETCOLUMN: creation_date CATALOG: rubis TABLE: users COLUMN: id CATALOG: rubis TABLE: users COLUMN: creation_date "></sourceObject><destObject taintID="1101617690:creation_date:5 [1381105049]" type="java.lang.String" objectID="1381105049" value="Creation date :2013-02-26 09:57:00&lt;br&gt;" taintRecord="TARGETCOLUMN: creation_date CATALOG: rubis TABLE: users COLUMN: id CATALOG: rubis TABLE: users COLUMN: creation_date "></destObject><taintedObject taintID="1101617690:creation_date:5 [1381105049]" type="java.lang.String" objectID="1381105049" value="Creation date :2013-02-26 09:57:00&lt;br&gt;" taintRecord="TARGETCOLUMN: creation_date CATALOG: rubis TABLE: users COLUMN: id CATALOG: rubis TABLE: users COLUMN: creation_date "></taintedObject></taintlog>
<taintlog type="RETURNING" executionTime="1"><location srcClass="edu.rice.rubis.servlets.RegisterUser" srcMethod="doGet HttpServletRequest HttpServletResponse" destClass="java.lang.StringBuilder" destMethod="toString" adviceType="JAVACALLSTRINGRETURN" requestCounter="1" requestURI="random URI" requestRemoteAddr="random remoteaddress" callerContextCounter="28" calledContextCounter="56452"></location><taintedObject taintID="1101617690:creation_date:5 [1381105049]" type="java.lang.String" objectID="1381105049" value="Creation date :2013-02-26 09:57:00&lt;br&gt;" taintRecord="TARGETCOLUMN: creation_date CATALOG: rubis TABLE: users COLUMN: id CATALOG: rubis TABLE: users COLUMN: creation_date "></taintedObject><callingObject taintID="" type="edu.rice.rubis.servlets.RegisterUser" objectID="1761586552"></callingObject><calledObject taintID="1101617690:creation_date:5 [1342339312]" type="java.lang.StringBuilder" objectID="1342339312" taintRecord="TARGETCOLUMN: creation_date CATALOG: rubis TABLE: users COLUMN: id CATALOG: rubis TABLE: users COLUMN: creation_date "></calledObject></taintlog>
<taintlog type="CALLING"><location srcClass="edu.rice.rubis.servlets.RegisterUser" srcMethod="doGet HttpServletRequest HttpServletResponse" destClass="edu.rice.rubis.servlets.ServletPrinter" destMethod="printHTML String" adviceType="REGULAREXECUTE" requestCounter="1" requestURI="random URI" requestRemoteAddr="random remoteaddress" callerContextCounter="28" calledContextCounter="56453"></location><taintedObject taintID="1101617690:creation_date:5 [1381105049]" type="java.lang.String" objectID="1381105049" value="Creation date :2013-02-26 09:57:00&lt;br&gt;" taintRecord="TARGETCOLUMN: creation_date CATALOG: rubis TABLE: users COLUMN: id CATALOG: rubis TABLE: users COLUMN: creation_date "></taintedObject><callingObject taintID="" type="edu.rice.rubis.servlets.RegisterUser" objectID="1761586552"></callingObject><calledObject taintID="" type="edu.rice.rubis.servlets.ServletPrinter" objectID="787001535"></calledObject></taintlog>
<taintlog type="CALLING"><location srcClass="edu.rice.rubis.servlets.ServletPrinter" srcMethod="printHTML String" destClass="java.io.PrintWriter" destMethod="println String" adviceType="JAVACALL" requestCounter="1" requestURI="random URI" requestRemoteAddr="random remoteaddress" callerContextCounter="56453" calledContextCounter="56454"></location><taintedObject taintID="1101617690:creation_date:5 [1381105049]" type="java.lang.String" objectID="1381105049" value="Creation date :2013-02-26 09:57:00&lt;br&gt;" taintRecord="TARGETCOLUMN: creation_date CATALOG: rubis TABLE: users COLUMN: id CATALOG: rubis TABLE: users COLUMN: creation_date "></taintedObject><callingObject taintID="" type="edu.rice.rubis.servlets.ServletPrinter" objectID="787001535"></callingObject><calledObject taintID="" type="org.apache.catalina.connector.CoyoteWriter" objectID="1475592265"></calledObject></taintlog>
<taintlog type="CALLING"><location srcClass="edu.rice.rubis.servlets.RegisterUser" srcMethod="doGet HttpServletRequest HttpServletResponse" destClass="edu.rice.rubis.servlets.ServletPrinter" destMethod="printHTML String" adviceType="REGULARPOSTARG" requestCounter="1" requestURI="random URI" requestRemoteAddr="random remoteaddress" callerContextCounter="28" calledContextCounter="56453"></location><taintedObject taintID="1101617690:creation_date:5 [1381105049]" type="java.lang.String" objectID="1381105049" value="Creation date :2013-02-26 09:57:00&lt;br&gt;" taintRecord="TARGETCOLUMN: creation_date CATALOG: rubis TABLE: users COLUMN: id CATALOG: rubis TABLE: users COLUMN: creation_date "></taintedObject><callingObject taintID="" type="edu.rice.rubis.servlets.RegisterUser" objectID="1761586552"></callingObject><calledObject taintID="" type="edu.rice.rubis.servlets.ServletPrinter" objectID="787001535"></calledObject></taintlog>
<taintlog type="FIELDGET"><location srcClass="com.mysql.jdbc.PreparedStatement" srcMethod="close" destClass="com.mysql.jdbc.Statement" destMethod="close" adviceType="NORMAL" requestCounter="1" requestURI="random URI" requestRemoteAddr="random remoteaddress" callerContextCounter="56469" calledContextCounter="56470"></location><taintedObject taintID="1101617690:3 [1956415373]" type="com.mysql.jdbc.ResultSet" objectID="1956415373" value="com.mysql.jdbc.ResultSet@749c878d" taintRecord="CATALOG: rubis TABLE: users COLUMN: id CATALOG: rubis TABLE: users COLUMN: creation_date "></taintedObject><field targetClass="com.mysql.jdbc.Statement" targetField="results"></field><callingObject taintID="" type="com.mysql.jdbc.PreparedStatement" objectID="962491791"></callingObject><calledObject taintID="" type="com.mysql.jdbc.PreparedStatement" objectID="962491791"></calledObject></taintlog>
<taintlog type="FIELDGET"><location srcClass="com.mysql.jdbc.PreparedStatement" srcMethod="close" destClass="com.mysql.jdbc.Statement" destMethod="close" adviceType="NORMAL" requestCounter="1" requestURI="random URI" requestRemoteAddr="random remoteaddress" callerContextCounter="56469" calledContextCounter="56470"></location><taintedObject taintID="1101617690:3 [1956415373]" type="com.mysql.jdbc.ResultSet" objectID="1956415373" value="com.mysql.jdbc.ResultSet@749c878d" taintRecord="CATALOG: rubis TABLE: users COLUMN: id CATALOG: rubis TABLE: users COLUMN: creation_date "></taintedObject><field targetClass="com.mysql.jdbc.Statement" targetField="results"></field><callingObject taintID="" type="com.mysql.jdbc.PreparedStatement" objectID="962491791"></callingObject><calledObject taintID="" type="com.mysql.jdbc.PreparedStatement" objectID="962491791"></calledObject></taintlog>
</root>
