<root>
<taintlog type="RETURNING" executionTime="311"><location srcClass="edu.rice.rubis.servlets.RegisterItem" srcMethod="doGet HttpServletRequest HttpServletResponse" destClass="java.sql.PreparedStatement" destMethod="executeQuery" adviceType="JAVACALLSTRINGRETURN" requestCounter="1" requestURI="random URI" requestRemoteAddr="random remoteaddress" callerContextCounter="27" calledContextCounter="54788"></location><taintedObject taintID="596720631:0 [928534324]" type="com.mysql.jdbc.ResultSet" objectID="928534324" value="com.mysql.jdbc.ResultSet@37584f34" taintRecord="CATALOG: rubis TABLE: items COLUMN: id "></taintedObject><callingObject taintID="" type="edu.rice.rubis.servlets.RegisterItem" objectID="1514311027"></callingObject><calledObject taintID="" type="com.mysql.jdbc.PreparedStatement" objectID="1148532466"></calledObject></taintlog>
<taintlog type="FIELDGET"><location srcClass="com.mysql.jdbc.PreparedStatement" srcMethod="close" destClass="com.mysql.jdbc.Statement" destMethod="close" adviceType="NORMAL" requestCounter="1" requestURI="random URI" requestRemoteAddr="random remoteaddress" callerContextCounter="55611" calledContextCounter="55612"></location><taintedObject taintID="596720631:0 [928534324]" type="com.mysql.jdbc.ResultSet" objectID="928534324" value="com.mysql.jdbc.ResultSet@37584f34" taintRecord="CATALOG: rubis TABLE: items COLUMN: id "></taintedObject><field targetClass="com.mysql.jdbc.Statement" targetField="results"></field><callingObject taintID="" type="com.mysql.jdbc.PreparedStatement" objectID="1148532466"></callingObject><calledObject taintID="" type="com.mysql.jdbc.PreparedStatement" objectID="1148532466"></calledObject></taintlog>
<taintlog type="FIELDGET"><location srcClass="com.mysql.jdbc.PreparedStatement" srcMethod="close" destClass="com.mysql.jdbc.Statement" destMethod="close" adviceType="NORMAL" requestCounter="1" requestURI="random URI" requestRemoteAddr="random remoteaddress" callerContextCounter="55611" calledContextCounter="55612"></location><taintedObject taintID="596720631:0 [928534324]" type="com.mysql.jdbc.ResultSet" objectID="928534324" value="com.mysql.jdbc.ResultSet@37584f34" taintRecord="CATALOG: rubis TABLE: items COLUMN: id "></taintedObject><field targetClass="com.mysql.jdbc.Statement" targetField="results"></field><callingObject taintID="" type="com.mysql.jdbc.PreparedStatement" objectID="1148532466"></callingObject><calledObject taintID="" type="com.mysql.jdbc.PreparedStatement" objectID="1148532466"></calledObject></taintlog>
</root>
