<root>
<taintlog type="RETURNING" executionTime="55"><location srcClass="edu.rice.rubis.servlets.StoreComment" srcMethod="doPost HttpServletRequest HttpServletResponse" destClass="java.sql.PreparedStatement" destMethod="executeQuery" adviceType="JAVACALLSTRINGRETURN" requestCounter="1" requestURI="random URI" requestRemoteAddr="random remoteaddress" callerContextCounter="27" calledContextCounter="54632"></location><taintedObject taintID="1506233971:0 [1040366560]" type="com.mysql.jdbc.ResultSet" objectID="1040366560" value="com.mysql.jdbc.ResultSet@3e02bbe0" taintRecord="CATALOG: rubis TABLE: users COLUMN: rating "></taintedObject><callingObject taintID="" type="edu.rice.rubis.servlets.StoreComment" objectID="155534118"></callingObject><calledObject taintID="" type="com.mysql.jdbc.PreparedStatement" objectID="1642708509"></calledObject></taintlog>
</root>
