<root>
<taintlog type="RETURNING" executionTime="92"><location srcClass="edu.rice.rubis.servlets.StoreBuyNow" srcMethod="doPost HttpServletRequest HttpServletResponse" destClass="java.sql.PreparedStatement" destMethod="executeQuery" adviceType="JAVACALLSTRINGRETURN" requestCounter="1" requestURI="random URI" requestRemoteAddr="random remoteaddress" callerContextCounter="27" calledContextCounter="54211"></location><taintedObject taintID="738980636:0 [1018322625]" type="com.mysql.jdbc.ResultSet" objectID="1018322625" value="com.mysql.jdbc.ResultSet@3cb25ec1" taintRecord="CATALOG: rubis TABLE: items COLUMN: quantity CATALOG: rubis TABLE: items COLUMN: end_date "></taintedObject><callingObject taintID="" type="edu.rice.rubis.servlets.StoreBuyNow" objectID="658598822"></callingObject><calledObject taintID="" type="com.mysql.jdbc.PreparedStatement" objectID="445495773"></calledObject></taintlog>
<taintlog type="FIELDGET"><location srcClass="com.mysql.jdbc.PreparedStatement" srcMethod="close" destClass="com.mysql.jdbc.Statement" destMethod="close" adviceType="NORMAL" requestCounter="1" requestURI="random URI" requestRemoteAddr="random remoteaddress" callerContextCounter="54701" calledContextCounter="54702"></location><taintedObject taintID="738980636:0 [1018322625]" type="com.mysql.jdbc.ResultSet" objectID="1018322625" value="com.mysql.jdbc.ResultSet@3cb25ec1" taintRecord="CATALOG: rubis TABLE: items COLUMN: quantity CATALOG: rubis TABLE: items COLUMN: end_date "></taintedObject><field targetClass="com.mysql.jdbc.Statement" targetField="results"></field><callingObject taintID="" type="com.mysql.jdbc.PreparedStatement" objectID="445495773"></callingObject><calledObject taintID="" type="com.mysql.jdbc.PreparedStatement" objectID="445495773"></calledObject></taintlog>
<taintlog type="FIELDGET"><location srcClass="com.mysql.jdbc.PreparedStatement" srcMethod="close" destClass="com.mysql.jdbc.Statement" destMethod="close" adviceType="NORMAL" requestCounter="1" requestURI="random URI" requestRemoteAddr="random remoteaddress" callerContextCounter="54701" calledContextCounter="54702"></location><taintedObject taintID="738980636:0 [1018322625]" type="com.mysql.jdbc.ResultSet" objectID="1018322625" value="com.mysql.jdbc.ResultSet@3cb25ec1" taintRecord="CATALOG: rubis TABLE: items COLUMN: quantity CATALOG: rubis TABLE: items COLUMN: end_date "></taintedObject><field targetClass="com.mysql.jdbc.Statement" targetField="results"></field><callingObject taintID="" type="com.mysql.jdbc.PreparedStatement" objectID="445495773"></callingObject><calledObject taintID="" type="com.mysql.jdbc.PreparedStatement" objectID="445495773"></calledObject></taintlog>
</root>
