,,//bid,rubis/bids/bid,rubis/bids/date,rubis/bids/id,rubis/bids/item_id,rubis/bids/max_bid,rubis/bids/qty,rubis/bids/user_id,rubis/buy_now/buyer_id,rubis/buy_now/date,rubis/buy_now/id,rubis/buy_now/item_id,rubis/buy_now/qty,rubis/categories/id,rubis/categories/name,rubis/comments/comment,rubis/comments/date,rubis/comments/from_user_id,rubis/comments/id,rubis/comments/item_id,rubis/comments/rating,rubis/comments/to_user_id,rubis/items/buy_now,rubis/items/category,rubis/items/description,rubis/items/end_date,rubis/items/id,rubis/items/initial_price,rubis/items/max_bid,rubis/items/name,rubis/items/nb_of_bids,rubis/items/quantity,rubis/items/reserve_price,rubis/items/seller,rubis/items/start_date,rubis/regions/id,rubis/regions/name,rubis/users/balance,rubis/users/creation_date,rubis/users/email,rubis/users/firstname,rubis/users/id,rubis/users/lastname,rubis/users/nickname,rubis/users/password,rubis/users/rating,rubis/users/region
edu.rice.rubis.servlets.RegisterItem.xml,"","","","","","","","","","","","","","","","","","","","","","","","","","","","[edu.rice.rubis.servlets.RegisterItem.doGet(HttpServletRequest,HttpServletResponse)]","","","","","","","","","","","","","","","","","","","",""
edu.rice.rubis.servlets.ViewUserInfo.xml,"","","","","","","","","","","","","","","","","[edu.rice.rubis.servlets.ViewUserInfo.commentList(Integer,PreparedStatement,Connection,ServletPrinter), edu.rice.rubis.servlets.ServletPrinter.printComment(String,int,String,String)]","[edu.rice.rubis.servlets.ViewUserInfo.commentList(Integer,PreparedStatement,Connection,ServletPrinter), edu.rice.rubis.servlets.ServletPrinter.printComment(String,int,String,String)]","[edu.rice.rubis.servlets.ViewUserInfo.commentList(Integer,PreparedStatement,Connection,ServletPrinter)]","[edu.rice.rubis.servlets.ViewUserInfo.commentList(Integer,PreparedStatement,Connection,ServletPrinter)]","[edu.rice.rubis.servlets.ViewUserInfo.commentList(Integer,PreparedStatement,Connection,ServletPrinter)]","[edu.rice.rubis.servlets.ViewUserInfo.commentList(Integer,PreparedStatement,Connection,ServletPrinter)]","[edu.rice.rubis.servlets.ViewUserInfo.commentList(Integer,PreparedStatement,Connection,ServletPrinter)]","","","","","","","","","","","","","","","","[edu.rice.rubis.servlets.ViewUserInfo.doPost(HttpServletRequest,HttpServletResponse)]","[edu.rice.rubis.servlets.ViewUserInfo.doPost(HttpServletRequest,HttpServletResponse)]","[edu.rice.rubis.servlets.ViewUserInfo.doPost(HttpServletRequest,HttpServletResponse)]","[edu.rice.rubis.servlets.ViewUserInfo.doPost(HttpServletRequest,HttpServletResponse)]","[edu.rice.rubis.servlets.ViewUserInfo.doPost(HttpServletRequest,HttpServletResponse)]","[edu.rice.rubis.servlets.ViewUserInfo.doPost(HttpServletRequest,HttpServletResponse)]","[edu.rice.rubis.servlets.ViewUserInfo.doPost(HttpServletRequest,HttpServletResponse), edu.rice.rubis.servlets.ViewUserInfo.commentList(Integer,PreparedStatement,Connection,ServletPrinter), edu.rice.rubis.servlets.ServletPrinter.printComment(String,int,String,String)]","[edu.rice.rubis.servlets.ViewUserInfo.doPost(HttpServletRequest,HttpServletResponse)]","[edu.rice.rubis.servlets.ViewUserInfo.doPost(HttpServletRequest,HttpServletResponse)]","[edu.rice.rubis.servlets.ViewUserInfo.doPost(HttpServletRequest,HttpServletResponse)]"
edu.rice.rubis.servlets.RegisterUser.xml,"","","","","","","","","","","","","","","","","","","","","","","","","","","","","","","","","","","","","[edu.rice.rubis.servlets.RegisterUser.doGet(HttpServletRequest,HttpServletResponse)]","","","[edu.rice.rubis.servlets.RegisterUser.doGet(HttpServletRequest,HttpServletResponse), edu.rice.rubis.servlets.ServletPrinter.printHTML(String)]","","","[edu.rice.rubis.servlets.RegisterUser.doGet(HttpServletRequest,HttpServletResponse), edu.rice.rubis.servlets.ServletPrinter.printHTML(String)]","","[edu.rice.rubis.servlets.RegisterUser.doGet(HttpServletRequest,HttpServletResponse)]","","",""
edu.rice.rubis.servlets.StoreComment.xml,"","","","","","","","","","","","","","","","","","","","","","","","","","","","","","","","","","","","","","","","","","","","","","","[edu.rice.rubis.servlets.StoreComment.doPost(HttpServletRequest,HttpServletResponse)]",""
edu.rice.rubis.servlets.PutComment.xml,"","","","","","","","","","","","","","","","","","","","","","","","","","","","","","","[edu.rice.rubis.servlets.PutComment.doGet(HttpServletRequest,HttpServletResponse), edu.rice.rubis.servlets.ServletPrinter.printHTML(String)]","","","","","","","","","","","","[edu.rice.rubis.servlets.Auth.authenticate(String,String), edu.rice.rubis.servlets.PutComment.doGet(HttpServletRequest,HttpServletResponse), edu.rice.rubis.servlets.ServletPrinter.printHTML(String)]","","[edu.rice.rubis.servlets.PutComment.doGet(HttpServletRequest,HttpServletResponse), edu.rice.rubis.servlets.ServletPrinter.printHTML(String)]","","",""
edu.rice.rubis.servlets.BrowseCategories+nicksname+pw.xml,"","","","","","","","","","","","","","","[edu.rice.rubis.servlets.BrowseCategories.categoryList(int,int,PreparedStatement,Connection,ServletPrinter), edu.rice.rubis.servlets.ServletPrinter.printCategoryToSellItem(String,int,int)]","[edu.rice.rubis.servlets.BrowseCategories.categoryList(int,int,PreparedStatement,Connection,ServletPrinter), edu.rice.rubis.servlets.ServletPrinter.printCategoryToSellItem(String,int,int)]","","","","","","","","","","","","","","","","","","","","","","","","","","","[edu.rice.rubis.servlets.Auth.authenticate(String,String), edu.rice.rubis.servlets.BrowseCategories.doGet(HttpServletRequest,HttpServletResponse), edu.rice.rubis.servlets.BrowseCategories.categoryList(int,int,PreparedStatement,Connection,ServletPrinter), edu.rice.rubis.servlets.ServletPrinter.printCategoryToSellItem(String,int,int)]","","","","",""
edu.rice.rubis.servlets.BrowseCategories+regions.xml,"","","","","","","","","","","","","","","[edu.rice.rubis.servlets.BrowseCategories.categoryList(int,int,PreparedStatement,Connection,ServletPrinter), edu.rice.rubis.servlets.ServletPrinter.printCategoryByRegion(String,int,int)]","[edu.rice.rubis.servlets.BrowseCategories.categoryList(int,int,PreparedStatement,Connection,ServletPrinter), edu.rice.rubis.servlets.ServletPrinter.printCategoryByRegion(String,int,int)]","","","","","","","","","","","","","","","","","","","","","[edu.rice.rubis.servlets.BrowseCategories.doGet(HttpServletRequest,HttpServletResponse), edu.rice.rubis.servlets.BrowseCategories.categoryList(int,int,PreparedStatement,Connection,ServletPrinter), edu.rice.rubis.servlets.ServletPrinter.printCategoryByRegion(String,int,int)]","","","","","","","","","","",""
edu.rice.rubis.servlets.ViewItem.xml,"","","","","","","","","","","","","","","","","","","","","","","","[edu.rice.rubis.servlets.ViewItem.doGet(HttpServletRequest,HttpServletResponse)]","[edu.rice.rubis.servlets.ViewItem.doGet(HttpServletRequest,HttpServletResponse)]","[edu.rice.rubis.servlets.ViewItem.doGet(HttpServletRequest,HttpServletResponse), edu.rice.rubis.servlets.ServletPrinter.printItemDescription(int,String,String,float,float,float,int,float,int,String,int,String,String,int,Connection)]","[edu.rice.rubis.servlets.ViewItem.doGet(HttpServletRequest,HttpServletResponse), edu.rice.rubis.servlets.ServletPrinter.printItemDescription(int,String,String,float,float,float,int,float,int,String,int,String,String,int,Connection)]","[edu.rice.rubis.servlets.ViewItem.doGet(HttpServletRequest,HttpServletResponse)]","[edu.rice.rubis.servlets.ViewItem.doGet(HttpServletRequest,HttpServletResponse)]","[edu.rice.rubis.servlets.ViewItem.doGet(HttpServletRequest,HttpServletResponse)]","[edu.rice.rubis.servlets.ViewItem.doGet(HttpServletRequest,HttpServletResponse), edu.rice.rubis.servlets.ServletPrinter.printItemDescription(int,String,String,float,float,float,int,float,int,String,int,String,String,int,Connection), edu.rice.rubis.servlets.ServletPrinter.printHTMLheader(String), edu.rice.rubis.servlets.ServletPrinter.printHTMLHighlighted(String)]","[edu.rice.rubis.servlets.ViewItem.doGet(HttpServletRequest,HttpServletResponse)]","[edu.rice.rubis.servlets.ViewItem.doGet(HttpServletRequest,HttpServletResponse)]","[edu.rice.rubis.servlets.ViewItem.doGet(HttpServletRequest,HttpServletResponse)]","[edu.rice.rubis.servlets.ViewItem.doGet(HttpServletRequest,HttpServletResponse)]","[edu.rice.rubis.servlets.ViewItem.doGet(HttpServletRequest,HttpServletResponse), edu.rice.rubis.servlets.ServletPrinter.printItemDescription(int,String,String,float,float,float,int,float,int,String,int,String,String,int,Connection)]","","","","","","","","","[edu.rice.rubis.servlets.ViewItem.doGet(HttpServletRequest,HttpServletResponse), edu.rice.rubis.servlets.ServletPrinter.printItemDescription(int,String,String,float,float,float,int,float,int,String,int,String,String,int,Connection)]","","",""
edu.rice.rubis.servlets.StoreBuyNow.xml,"","","","","","","","","","","","","","","","","","","","","","","","","","","[edu.rice.rubis.servlets.StoreBuyNow.doPost(HttpServletRequest,HttpServletResponse)]","","","","","","[edu.rice.rubis.servlets.StoreBuyNow.doPost(HttpServletRequest,HttpServletResponse)]","","","","","","","","","","","","","","",""
edu.rice.rubis.servlets.AboutMe.xml,"","","","","","[edu.rice.rubis.servlets.AboutMe.listBids(Integer,String,String,PreparedStatement,Connection,ServletPrinter), edu.rice.rubis.servlets.AboutMe.listWonItems(Integer,PreparedStatement,Connection,ServletPrinter)]","[edu.rice.rubis.servlets.AboutMe.listBids(Integer,String,String,PreparedStatement,Connection,ServletPrinter), edu.rice.rubis.servlets.ServletPrinter.printItemUserHasBidOn(int,String,float,int,String,String,int,String,float,float,String,String)]","","","[edu.rice.rubis.servlets.AboutMe.listBoughtItems(Integer,PreparedStatement,Connection,ServletPrinter)]","[edu.rice.rubis.servlets.AboutMe.listBoughtItems(Integer,PreparedStatement,Connection,ServletPrinter)]","[edu.rice.rubis.servlets.AboutMe.listBoughtItems(Integer,PreparedStatement,Connection,ServletPrinter)]","[edu.rice.rubis.servlets.AboutMe.listBoughtItems(Integer,PreparedStatement,Connection,ServletPrinter)]","[edu.rice.rubis.servlets.AboutMe.listBoughtItems(Integer,PreparedStatement,Connection,ServletPrinter)]","","","[edu.rice.rubis.servlets.AboutMe.listComment(Integer,PreparedStatement,Connection,ServletPrinter), edu.rice.rubis.servlets.ServletPrinter.printComment(String,int,String,String)]","[edu.rice.rubis.servlets.AboutMe.listComment(Integer,PreparedStatement,Connection,ServletPrinter), edu.rice.rubis.servlets.ServletPrinter.printComment(String,int,String,String)]","[edu.rice.rubis.servlets.AboutMe.listComment(Integer,PreparedStatement,Connection,ServletPrinter)]","[edu.rice.rubis.servlets.AboutMe.listComment(Integer,PreparedStatement,Connection,ServletPrinter)]","[edu.rice.rubis.servlets.AboutMe.listComment(Integer,PreparedStatement,Connection,ServletPrinter)]","[edu.rice.rubis.servlets.AboutMe.listComment(Integer,PreparedStatement,Connection,ServletPrinter)]","[edu.rice.rubis.servlets.AboutMe.listComment(Integer,PreparedStatement,Connection,ServletPrinter)]","[edu.rice.rubis.servlets.AboutMe.listBids(Integer,String,String,PreparedStatement,Connection,ServletPrinter), edu.rice.rubis.servlets.AboutMe.listItem(Integer,Connection,ServletPrinter), edu.rice.rubis.servlets.ServletPrinter.printSell(int,String,float,float,int,float,String,String,float), edu.rice.rubis.servlets.AboutMe.listWonItems(Integer,PreparedStatement,Connection,ServletPrinter), edu.rice.rubis.servlets.AboutMe.listBoughtItems(Integer,PreparedStatement,Connection,ServletPrinter)]","[edu.rice.rubis.servlets.AboutMe.listBids(Integer,String,String,PreparedStatement,Connection,ServletPrinter), edu.rice.rubis.servlets.AboutMe.listItem(Integer,Connection,ServletPrinter), edu.rice.rubis.servlets.AboutMe.listWonItems(Integer,PreparedStatement,Connection,ServletPrinter), edu.rice.rubis.servlets.AboutMe.listBoughtItems(Integer,PreparedStatement,Connection,ServletPrinter)]","[edu.rice.rubis.servlets.AboutMe.listBids(Integer,String,String,PreparedStatement,Connection,ServletPrinter), edu.rice.rubis.servlets.AboutMe.listItem(Integer,Connection,ServletPrinter), edu.rice.rubis.servlets.AboutMe.listWonItems(Integer,PreparedStatement,Connection,ServletPrinter), edu.rice.rubis.servlets.AboutMe.listBoughtItems(Integer,PreparedStatement,Connection,ServletPrinter)]","[edu.rice.rubis.servlets.AboutMe.listBids(Integer,String,String,PreparedStatement,Connection,ServletPrinter), edu.rice.rubis.servlets.ServletPrinter.printItemUserHasBidOn(int,String,float,int,String,String,int,String,float,float,String,String), edu.rice.rubis.servlets.AboutMe.listItem(Integer,Connection,ServletPrinter), edu.rice.rubis.servlets.ServletPrinter.printSell(int,String,float,float,int,float,String,String,float), edu.rice.rubis.servlets.AboutMe.listWonItems(Integer,PreparedStatement,Connection,ServletPrinter), edu.rice.rubis.servlets.AboutMe.listBoughtItems(Integer,PreparedStatement,Connection,ServletPrinter)]","[edu.rice.rubis.servlets.AboutMe.listBids(Integer,String,String,PreparedStatement,Connection,ServletPrinter), edu.rice.rubis.servlets.AboutMe.listItem(Integer,Connection,ServletPrinter), edu.rice.rubis.servlets.AboutMe.listWonItems(Integer,PreparedStatement,Connection,ServletPrinter), edu.rice.rubis.servlets.AboutMe.listBoughtItems(Integer,PreparedStatement,Connection,ServletPrinter)]","[edu.rice.rubis.servlets.AboutMe.listBids(Integer,String,String,PreparedStatement,Connection,ServletPrinter), edu.rice.rubis.servlets.AboutMe.listItem(Integer,Connection,ServletPrinter), edu.rice.rubis.servlets.ServletPrinter.printSell(int,String,float,float,int,float,String,String,float), edu.rice.rubis.servlets.AboutMe.listWonItems(Integer,PreparedStatement,Connection,ServletPrinter), edu.rice.rubis.servlets.AboutMe.listBoughtItems(Integer,PreparedStatement,Connection,ServletPrinter)]","[edu.rice.rubis.servlets.AboutMe.listBids(Integer,String,String,PreparedStatement,Connection,ServletPrinter), edu.rice.rubis.servlets.AboutMe.listItem(Integer,Connection,ServletPrinter), edu.rice.rubis.servlets.ServletPrinter.printSell(int,String,float,float,int,float,String,String,float), edu.rice.rubis.servlets.AboutMe.listWonItems(Integer,PreparedStatement,Connection,ServletPrinter), edu.rice.rubis.servlets.AboutMe.listBoughtItems(Integer,PreparedStatement,Connection,ServletPrinter)]","[edu.rice.rubis.servlets.AboutMe.listBids(Integer,String,String,PreparedStatement,Connection,ServletPrinter), edu.rice.rubis.servlets.ServletPrinter.printItemUserHasBidOn(int,String,float,int,String,String,int,String,float,float,String,String), edu.rice.rubis.servlets.AboutMe.listItem(Integer,Connection,ServletPrinter), edu.rice.rubis.servlets.ServletPrinter.printSell(int,String,float,float,int,float,String,String,float), edu.rice.rubis.servlets.AboutMe.listWonItems(Integer,PreparedStatement,Connection,ServletPrinter), edu.rice.rubis.servlets.ServletPrinter.printUserWonItem(int,String,float,int,String), edu.rice.rubis.servlets.AboutMe.listBoughtItems(Integer,PreparedStatement,Connection,ServletPrinter), edu.rice.rubis.servlets.ServletPrinter.printUserBoughtItem(int,String,float,int,int,String)]","[edu.rice.rubis.servlets.AboutMe.listBids(Integer,String,String,PreparedStatement,Connection,ServletPrinter), edu.rice.rubis.servlets.AboutMe.listItem(Integer,Connection,ServletPrinter), edu.rice.rubis.servlets.AboutMe.listWonItems(Integer,PreparedStatement,Connection,ServletPrinter), edu.rice.rubis.servlets.AboutMe.listBoughtItems(Integer,PreparedStatement,Connection,ServletPrinter)]","[edu.rice.rubis.servlets.AboutMe.listBids(Integer,String,String,PreparedStatement,Connection,ServletPrinter), edu.rice.rubis.servlets.AboutMe.listItem(Integer,Connection,ServletPrinter), edu.rice.rubis.servlets.AboutMe.listWonItems(Integer,PreparedStatement,Connection,ServletPrinter), edu.rice.rubis.servlets.AboutMe.listBoughtItems(Integer,PreparedStatement,Connection,ServletPrinter)]","[edu.rice.rubis.servlets.AboutMe.listBids(Integer,String,String,PreparedStatement,Connection,ServletPrinter), edu.rice.rubis.servlets.AboutMe.listItem(Integer,Connection,ServletPrinter), edu.rice.rubis.servlets.ServletPrinter.printSell(int,String,float,float,int,float,String,String,float), edu.rice.rubis.servlets.AboutMe.listWonItems(Integer,PreparedStatement,Connection,ServletPrinter), edu.rice.rubis.servlets.AboutMe.listBoughtItems(Integer,PreparedStatement,Connection,ServletPrinter)]","[edu.rice.rubis.servlets.AboutMe.listBids(Integer,String,String,PreparedStatement,Connection,ServletPrinter), edu.rice.rubis.servlets.AboutMe.listItem(Integer,Connection,ServletPrinter), edu.rice.rubis.servlets.AboutMe.listWonItems(Integer,PreparedStatement,Connection,ServletPrinter), edu.rice.rubis.servlets.AboutMe.listBoughtItems(Integer,PreparedStatement,Connection,ServletPrinter)]","[edu.rice.rubis.servlets.AboutMe.listBids(Integer,String,String,PreparedStatement,Connection,ServletPrinter), edu.rice.rubis.servlets.ServletPrinter.printItemUserHasBidOn(int,String,float,int,String,String,int,String,float,float,String,String), edu.rice.rubis.servlets.AboutMe.listItem(Integer,Connection,ServletPrinter), edu.rice.rubis.servlets.ServletPrinter.printSell(int,String,float,float,int,float,String,String,float), edu.rice.rubis.servlets.AboutMe.listWonItems(Integer,PreparedStatement,Connection,ServletPrinter), edu.rice.rubis.servlets.AboutMe.listBoughtItems(Integer,PreparedStatement,Connection,ServletPrinter)]","","","[edu.rice.rubis.servlets.AboutMe.doPost(HttpServletRequest,HttpServletResponse)]","[edu.rice.rubis.servlets.AboutMe.doPost(HttpServletRequest,HttpServletResponse)]","[edu.rice.rubis.servlets.AboutMe.doPost(HttpServletRequest,HttpServletResponse)]","[edu.rice.rubis.servlets.AboutMe.doPost(HttpServletRequest,HttpServletResponse)]","[edu.rice.rubis.servlets.Auth.authenticate(String,String), edu.rice.rubis.servlets.AboutMe.doPost(HttpServletRequest,HttpServletResponse), edu.rice.rubis.servlets.ServletPrinter.printHTMLheader(String), edu.rice.rubis.servlets.AboutMe.listBids(Integer,String,String,PreparedStatement,Connection,ServletPrinter), edu.rice.rubis.servlets.ServletPrinter.printItemUserHasBidOn(int,String,float,int,String,String,int,String,float,float,String,String), edu.rice.rubis.servlets.AboutMe.listItem(Integer,Connection,ServletPrinter), edu.rice.rubis.servlets.ServletPrinter.printSell(int,String,float,float,int,float,String,String,float), edu.rice.rubis.servlets.AboutMe.listWonItems(Integer,PreparedStatement,Connection,ServletPrinter), edu.rice.rubis.servlets.AboutMe.listBoughtItems(Integer,PreparedStatement,Connection,ServletPrinter), edu.rice.rubis.servlets.AboutMe.listComment(Integer,PreparedStatement,Connection,ServletPrinter), edu.rice.rubis.servlets.ServletPrinter.printComment(String,int,String,String)]","[edu.rice.rubis.servlets.AboutMe.doPost(HttpServletRequest,HttpServletResponse)]","[edu.rice.rubis.servlets.AboutMe.doPost(HttpServletRequest,HttpServletResponse), edu.rice.rubis.servlets.ServletPrinter.printHTMLheader(String), edu.rice.rubis.servlets.AboutMe.listBids(Integer,String,String,PreparedStatement,Connection,ServletPrinter), edu.rice.rubis.servlets.ServletPrinter.printItemUserHasBidOn(int,String,float,int,String,String,int,String,float,float,String,String), edu.rice.rubis.servlets.AboutMe.listWonItems(Integer,PreparedStatement,Connection,ServletPrinter), edu.rice.rubis.servlets.ServletPrinter.printUserWonItem(int,String,float,int,String), edu.rice.rubis.servlets.AboutMe.listBoughtItems(Integer,PreparedStatement,Connection,ServletPrinter), edu.rice.rubis.servlets.ServletPrinter.printUserBoughtItem(int,String,float,int,int,String), edu.rice.rubis.servlets.AboutMe.listComment(Integer,PreparedStatement,Connection,ServletPrinter), edu.rice.rubis.servlets.ServletPrinter.printComment(String,int,String,String)]","[edu.rice.rubis.servlets.AboutMe.doPost(HttpServletRequest,HttpServletResponse)]","[edu.rice.rubis.servlets.AboutMe.doPost(HttpServletRequest,HttpServletResponse)]","[edu.rice.rubis.servlets.AboutMe.doPost(HttpServletRequest,HttpServletResponse)]"
edu.rice.rubis.servlets.BrowseCategories.xml,"","","","","","","","","","","","","","","[edu.rice.rubis.servlets.BrowseCategories.categoryList(int,int,PreparedStatement,Connection,ServletPrinter), edu.rice.rubis.servlets.ServletPrinter.printCategory(String,int)]","[edu.rice.rubis.servlets.BrowseCategories.categoryList(int,int,PreparedStatement,Connection,ServletPrinter), edu.rice.rubis.servlets.ServletPrinter.printCategory(String,int)]","","","","","","","","","","","","","","","","","","","","","","","","","","","","","","","",""
edu.rice.rubis.servlets.BuyNow.xml,"","","","","","","","","","","","","","","","","","","","","","","","[edu.rice.rubis.servlets.BuyNow.doGet(HttpServletRequest,HttpServletResponse)]","[edu.rice.rubis.servlets.BuyNow.doGet(HttpServletRequest,HttpServletResponse)]","[edu.rice.rubis.servlets.BuyNow.doGet(HttpServletRequest,HttpServletResponse), edu.rice.rubis.servlets.ServletPrinter.printItemDescriptionToBuyNow(int,String,String,float,int,int,String,String,String,int)]","[edu.rice.rubis.servlets.BuyNow.doGet(HttpServletRequest,HttpServletResponse), edu.rice.rubis.servlets.ServletPrinter.printItemDescriptionToBuyNow(int,String,String,float,int,int,String,String,String,int)]","[edu.rice.rubis.servlets.BuyNow.doGet(HttpServletRequest,HttpServletResponse)]","[edu.rice.rubis.servlets.BuyNow.doGet(HttpServletRequest,HttpServletResponse)]","[edu.rice.rubis.servlets.BuyNow.doGet(HttpServletRequest,HttpServletResponse)]","[edu.rice.rubis.servlets.BuyNow.doGet(HttpServletRequest,HttpServletResponse), edu.rice.rubis.servlets.ServletPrinter.printItemDescriptionToBuyNow(int,String,String,float,int,int,String,String,String,int), edu.rice.rubis.servlets.ServletPrinter.printHTMLHighlighted(String)]","[edu.rice.rubis.servlets.BuyNow.doGet(HttpServletRequest,HttpServletResponse)]","[edu.rice.rubis.servlets.BuyNow.doGet(HttpServletRequest,HttpServletResponse)]","[edu.rice.rubis.servlets.BuyNow.doGet(HttpServletRequest,HttpServletResponse)]","[edu.rice.rubis.servlets.BuyNow.doGet(HttpServletRequest,HttpServletResponse)]","[edu.rice.rubis.servlets.BuyNow.doGet(HttpServletRequest,HttpServletResponse), edu.rice.rubis.servlets.ServletPrinter.printItemDescriptionToBuyNow(int,String,String,float,int,int,String,String,String,int)]","","","","","","","[edu.rice.rubis.servlets.Auth.authenticate(String,String), edu.rice.rubis.servlets.BuyNow.doGet(HttpServletRequest,HttpServletResponse), edu.rice.rubis.servlets.ServletPrinter.printItemDescriptionToBuyNow(int,String,String,float,int,int,String,String,String,int), edu.rice.rubis.servlets.ServletPrinter.printHTML(String)]","","[edu.rice.rubis.servlets.BuyNow.doGet(HttpServletRequest,HttpServletResponse), edu.rice.rubis.servlets.ServletPrinter.printItemDescriptionToBuyNow(int,String,String,float,int,int,String,String,String,int)]","","",""
edu.rice.rubis.servlets.ViewBidHistory.xml,"","","[edu.rice.rubis.servlets.ViewBidHistory.listBids(Integer,PreparedStatement,Connection,ServletPrinter)]","[edu.rice.rubis.servlets.ViewBidHistory.listBids(Integer,PreparedStatement,Connection,ServletPrinter), edu.rice.rubis.servlets.ServletPrinter.printBidHistory(int,String,float,String)]","[edu.rice.rubis.servlets.ViewBidHistory.listBids(Integer,PreparedStatement,Connection,ServletPrinter)]","[edu.rice.rubis.servlets.ViewBidHistory.listBids(Integer,PreparedStatement,Connection,ServletPrinter)]","[edu.rice.rubis.servlets.ViewBidHistory.listBids(Integer,PreparedStatement,Connection,ServletPrinter)]","[edu.rice.rubis.servlets.ViewBidHistory.listBids(Integer,PreparedStatement,Connection,ServletPrinter)]","[edu.rice.rubis.servlets.ViewBidHistory.listBids(Integer,PreparedStatement,Connection,ServletPrinter)]","","","","","","","","","","","","","","","","","","","","","","[edu.rice.rubis.servlets.ViewBidHistory.doPost(HttpServletRequest,HttpServletResponse), edu.rice.rubis.servlets.ServletPrinter.printHTML(String)]","","","","","","","","","","","","","","[edu.rice.rubis.servlets.ViewBidHistory.listBids(Integer,PreparedStatement,Connection,ServletPrinter), edu.rice.rubis.servlets.ServletPrinter.printBidHistory(int,String,float,String)]","","",""
edu.rice.rubis.servlets.PutBid.xml,"","[edu.rice.rubis.servlets.PutBid.doGet(HttpServletRequest,HttpServletResponse)]","","","","","","","","","","","","","","","","","","","","","","[edu.rice.rubis.servlets.PutBid.doGet(HttpServletRequest,HttpServletResponse)]","[edu.rice.rubis.servlets.PutBid.doGet(HttpServletRequest,HttpServletResponse)]","[edu.rice.rubis.servlets.PutBid.doGet(HttpServletRequest,HttpServletResponse), edu.rice.rubis.servlets.ServletPrinter.printItemDescription(int,String,String,float,float,float,int,float,int,String,int,String,String,int,Connection)]","[edu.rice.rubis.servlets.PutBid.doGet(HttpServletRequest,HttpServletResponse), edu.rice.rubis.servlets.ServletPrinter.printItemDescription(int,String,String,float,float,float,int,float,int,String,int,String,String,int,Connection)]","[edu.rice.rubis.servlets.PutBid.doGet(HttpServletRequest,HttpServletResponse)]","[edu.rice.rubis.servlets.PutBid.doGet(HttpServletRequest,HttpServletResponse)]","[edu.rice.rubis.servlets.PutBid.doGet(HttpServletRequest,HttpServletResponse)]","[edu.rice.rubis.servlets.PutBid.doGet(HttpServletRequest,HttpServletResponse), edu.rice.rubis.servlets.ServletPrinter.printItemDescription(int,String,String,float,float,float,int,float,int,String,int,String,String,int,Connection), edu.rice.rubis.servlets.ServletPrinter.printHTMLHighlighted(String)]","[edu.rice.rubis.servlets.PutBid.doGet(HttpServletRequest,HttpServletResponse)]","[edu.rice.rubis.servlets.PutBid.doGet(HttpServletRequest,HttpServletResponse)]","[edu.rice.rubis.servlets.PutBid.doGet(HttpServletRequest,HttpServletResponse)]","[edu.rice.rubis.servlets.PutBid.doGet(HttpServletRequest,HttpServletResponse)]","[edu.rice.rubis.servlets.PutBid.doGet(HttpServletRequest,HttpServletResponse), edu.rice.rubis.servlets.ServletPrinter.printItemDescription(int,String,String,float,float,float,int,float,int,String,int,String,String,int,Connection)]","","","","","","","[edu.rice.rubis.servlets.Auth.authenticate(String,String), edu.rice.rubis.servlets.PutBid.doGet(HttpServletRequest,HttpServletResponse), edu.rice.rubis.servlets.ServletPrinter.printItemDescription(int,String,String,float,float,float,int,float,int,String,int,String,String,int,Connection), edu.rice.rubis.servlets.ServletPrinter.printHTML(String)]","","[edu.rice.rubis.servlets.PutBid.doGet(HttpServletRequest,HttpServletResponse), edu.rice.rubis.servlets.ServletPrinter.printItemDescription(int,String,String,float,float,float,int,float,int,String,int,String,String,int,Connection)]","","",""
edu.rice.rubis.servlets.StoreBid.xml,"","","","","","","","","","","","","","","","","","","","","","","","","","","","","","[edu.rice.rubis.servlets.StoreBid.doPost(HttpServletRequest,HttpServletResponse)]","","[edu.rice.rubis.servlets.StoreBid.doPost(HttpServletRequest,HttpServletResponse)]","","","","","","","","","","","","","","","",""
edu.rice.rubis.servlets.BrowseRegions.xml,"","","","","","","","","","","","","","","","","","","","","","","","","","","","","","","","","","","","","[edu.rice.rubis.servlets.BrowseRegions.regionList(ServletPrinter)]","[edu.rice.rubis.servlets.BrowseRegions.regionList(ServletPrinter), edu.rice.rubis.servlets.ServletPrinter.printRegion(String)]","","","","","","","","","",""
edu.rice.rubis.servlets.SearchItemsByCategory.xml,"","","","","","","","","","","","","","","","","","","","","","","","","","","[edu.rice.rubis.servlets.SearchItemsByCategory.itemList(Integer,String,int,int,ServletPrinter), edu.rice.rubis.servlets.ServletPrinter.printItem(String,int,float,int,String)]","[edu.rice.rubis.servlets.SearchItemsByCategory.itemList(Integer,String,int,int,ServletPrinter)]","[edu.rice.rubis.servlets.SearchItemsByCategory.itemList(Integer,String,int,int,ServletPrinter)]","[edu.rice.rubis.servlets.SearchItemsByCategory.itemList(Integer,String,int,int,ServletPrinter)]","[edu.rice.rubis.servlets.SearchItemsByCategory.itemList(Integer,String,int,int,ServletPrinter), edu.rice.rubis.servlets.ServletPrinter.printItem(String,int,float,int,String)]","[edu.rice.rubis.servlets.SearchItemsByCategory.itemList(Integer,String,int,int,ServletPrinter)]","","","","","","","","","","","","","","","",""
